OBJECTID_x,zoneId_x,country_abbr_x,state_abbr_x,county_abb_x,city_abbr_x,zone_sequence_x,city_zone_sequence,Incident Name,Most Extreme Status,Shape__Area,Shape__Length,Lat,Lon,X,Y,OBJECTID_y,zoneId_y,country_abbr_y,state_abbr_y,county_abb_y,city_abbr_y,zone_sequence_y,incident_name,most_extreme_status,tooltip
1,US-CA-XLA-LAC-E119,US,CA,XLA,LAC,E119,LAC-E119,HURST,Evacuation Order,412649912.588867,113231.522051684,33.814125,-116.530853,-118.468468806185,34.3550703136408,1,US-CA-XLA-LAC-E119,US,CA,XLA,LAC,E119,HURST,Evacuation Order,Los Angeles
2,US-CA-XLA-SCL-RANCH,US,CA,XLA,SCL,RANCH,SCL-RANCH,HURST,Evacuation Warning,72086298.7402344,43886.728092302,33.551064,-117.644183,-118.4802887952,34.377137753306,2,US-CA-XLA-SCL-RANCH,US,CA,XLA,SCL,RANCH,HURST,Evacuation Warning,Los Angeles
3,US-CA-XLA-LOS-Q1116,US,CA,XLA,LOS,Q1116,LOS-Q1116,PALISADES,Evacuation Order,8429631.65234375,19035.9103361783,34.052238,-118.243344,-118.570148698762,34.0799534623255,3,US-CA-XLA-LOS-Q1116,US,CA,XLA,LOS,Q1116,PALISADES,Evacuation Order,Los Angeles
4,US-CA-XLA-CAL-C407,US,CA,XLA,CAL,C407,CAL-C407,PALISADES,Evacuation Warning,38459579.6904297,34610.8427322381,39.492587,-121.568741,-118.655103569156,34.1254667781063,4,US-CA-XLA-CAL-C407,US,CA,XLA,CAL,C407,PALISADES,Evacuation Warning,Los Angeles
5,US-CA-XLA-SDP-U029,US,CA,XLA,SDP,U029,SDP-U029,PALISADES,Evacuation Order,108048643.09668,79915.287395005,37.345717,-119.455639,-118.66439980361,34.0819331812972,5,US-CA-XLA-SDP-U029,US,CA,XLA,SDP,U029,PALISADES,Evacuation Order,Los Angeles
6,US-CA-XLA-SCL-WREN,US,CA,XLA,SCL,WREN,SCL-WREN,HURST,Evacuation Warning,3623308.53417969,9842.47264735196,36.353273,-119.333776,-118.446239781196,34.4040143613279,6,US-CA-XLA-SCL-WREN,US,CA,XLA,SCL,WREN,HURST,Evacuation Warning,Los Angeles
7,US-CA-XLA-LCF-MEMORIAL,US,CA,XLA,LCF,MEMORIAL,LCF-MEMORIAL,EATON,Evacuation Order,6725536.18554688,10256.7124215969,46.928162,-55.397881,-118.204496960463,34.2106992858556,7,US-CA-XLA-LCF-MEMORIAL,US,CA,XLA,LCF,MEMORIAL,EATON,Evacuation Order,Los Angeles
8,US-CA-XLA-LCF-INVERNESS,US,CA,XLA,LCF,INVERNESS,LCF-INVERNESS,EATON,Evacuation Order,13658696.1875,18009.1329436431,38.090617,-122.923346,-118.185685911852,34.1826250270389,8,US-CA-XLA-LCF-INVERNESS,US,CA,XLA,LCF,INVERNESS,EATON,Evacuation Order,Los Angeles
9,US-CA-XLA-AGO-C306,US,CA,XLA,AGO,C306,AGO-C306,KENNETH,Evacuation Warning,24896229.6738281,32270.8842607997,36.34399,-119.385624,-118.764770651848,34.1494590935167,9,US-CA-XLA-AGO-C306,US,CA,XLA,AGO,C306,KENNETH,Evacuation Warning,Los Angeles
10,US-CA-XLA-LAC-E178,US,CA,XLA,LAC,E178,LAC-E178,EATON,Evacuation Order,18804751.1005859,22860.2213956913,33.813527,-116.530602,-118.110517484414,34.1931300151133,10,US-CA-XLA-LAC-E178,US,CA,XLA,LAC,E178,EATON,Evacuation Order,Los Angeles
11,US-CA-XLA-LOS-Q1119,US,CA,XLA,LOS,Q1119,LOS-Q1119,PALISADES,Evacuation Warning,43578977.2802734,55677.3845384404,,,-118.468001970481,34.1084163030509,11,US-CA-XLA-LOS-Q1119,US,CA,XLA,LOS,Q1119,PALISADES,Evacuation Warning,Los Angeles
12,US-CA-XLA-LOS-E003,US,CA,XLA,LOS,E003,LOS-E003,HURST,Evacuation Warning,17709121.0039063,21980.4073476628,,,-118.444126889714,34.326784943085,12,US-CA-XLA-LOS-E003,US,CA,XLA,LOS,E003,HURST,Evacuation Warning,Los Angeles
13,US-CA-XLA-LAC-E131,US,CA,XLA,LAC,E131,LAC-E131,HURST,Evacuation Warning,189473335.686523,80431.9079298668,,,-118.573088288806,34.3122467880511,13,US-CA-XLA-LAC-E131,US,CA,XLA,LAC,E131,HURST,Evacuation Warning,Los Angeles
14,US-CA-XLA-SCL-SANDWEST,US,CA,XLA,SCL,SANDWEST,SCL-SANDWEST,HURST,Evacuation Warning,61507968.84375,51338.3074264256,,,-118.424043892992,34.3981944108621,14,US-CA-XLA-SCL-SANDWEST,US,CA,XLA,SCL,SANDWEST,HURST,Evacuation Warning,Los Angeles
15,US-CA-XLA-LOS-Q0775,US,CA,XLA,LOS,Q0775,LOS-Q0775,SUNSET,Evacuation Warning,16026323.8769531,26227.3054622981,,,-118.368277839766,34.1307012158592,15,US-CA-XLA-LOS-Q0775,US,CA,XLA,LOS,Q0775,SUNSET,Evacuation Warning,Los Angeles
16,US-CA-XLA-DUA-002,US,CA,XLA,DUA,002,DUA-002,EATON,Evacuation Warning,12694400.6191406,16555.793992462,,,-117.947429287992,34.1560629678568,16,US-CA-XLA-DUA-002,US,CA,XLA,DUA,002,EATON,Evacuation Warning,Los Angeles
17,US-CA-XLA-WLV-C204,US,CA,XLA,WLV,C204,WLV-C204,KENNETH,Evacuation Warning,28387757.7949219,25187.9671722768,,,-118.796119196637,34.1602218074278,17,US-CA-XLA-WLV-C204,US,CA,XLA,WLV,C204,KENNETH,Evacuation Warning,Los Angeles
18,US-CA-XLA-LOS-Q0716,US,CA,XLA,LOS,Q0716,LOS-Q0716,HURST,Evacuation Warning,18637564.7519531,24173.3190778371,,,-118.518251913564,34.2942208407764,18,US-CA-XLA-LOS-Q0716,US,CA,XLA,LOS,Q0716,HURST,Evacuation Warning,Los Angeles
19,US-CA-XLA-SIE-E004,US,CA,XLA,SIE,E004,SIE-E004,EATON,Evacuation Order,1203715.09960938,4367.88088535275,,,-118.05158235104,34.1724582340962,19,US-CA-XLA-SIE-E004,US,CA,XLA,SIE,E004,EATON,Evacuation Order,Los Angeles
20,US-CA-XLA-SIE-E007,US,CA,XLA,SIE,E007,SIE-E007,EATON,Evacuation Order,1279682.36230469,7220.97841860914,,,-118.044786281624,34.1731626893744,20,US-CA-XLA-SIE-E007,US,CA,XLA,SIE,E007,EATON,Evacuation Order,Los Angeles
21,US-CA-XLA-SIE-E008,US,CA,XLA,SIE,E008,SIE-E008,EATON,Evacuation Order,922512.236328125,7068.67486346799,,,-118.042933074221,34.1725583932464,21,US-CA-XLA-SIE-E008,US,CA,XLA,SIE,E008,EATON,Evacuation Order,Los Angeles
22,US-CA-XLA-HID-C501,US,CA,XLA,HID,C501,HID-C501,KENNETH,Evacuation Order,27732798.7890625,31571.275117468,,,-118.669155021844,34.1627127658808,22,US-CA-XLA-HID-C501,US,CA,XLA,HID,C501,KENNETH,Evacuation Order,Los Angeles
23,US-CA-XLA-LCF-COMMONWEALTH,US,CA,XLA,LCF,COMMONWEALTH,LCF-COMMONWEALTH,EATON,Evacuation Order,10028871.2402344,14813.4825809235,,,-118.196714863779,34.2116660582475,23,US-CA-XLA-LCF-COMMONWEALTH,US,CA,XLA,LCF,COMMONWEALTH,EATON,Evacuation Order,Los Angeles
24,US-CA-XLA-LOS-E002,US,CA,XLA,LOS,E002,LOS-E002,HURST,Evacuation Order,12854927.0751953,20025.3853318454,,,-118.467401128238,34.3289439601316,24,US-CA-XLA-LOS-E002,US,CA,XLA,LOS,E002,HURST,Evacuation Order,Los Angeles
25,US-CA-XLA-MRV-003,US,CA,XLA,MRV,003,MRV-003,EATON,Evacuation Order,22278645.5917969,20110.1556072195,,,-118.006063833568,34.1707101375154,25,US-CA-XLA-MRV-003,US,CA,XLA,MRV,003,EATON,Evacuation Order,Los Angeles
26,US-CA-XLA-LCF-JPL,US,CA,XLA,LCF,JPL,LCF-JPL,EATON,Evacuation Order,8147314.15039063,14350.0325159623,,,-118.173846878675,34.2001565034322,26,US-CA-XLA-LCF-JPL,US,CA,XLA,LCF,JPL,EATON,Evacuation Order,Los Angeles
27,US-CA-XLA-MRV-014,US,CA,XLA,MRV,014,MRV-014,EATON,Evacuation Order,1715215.68554688,4984.72962843339,,,-117.994513175779,34.1589278045558,27,US-CA-XLA-MRV-014,US,CA,XLA,MRV,014,EATON,Evacuation Order,Los Angeles
28,US-CA-XLA-SAN-Q1603,US,CA,XLA,SAN,Q1603,SAN-Q1603,PALISADES,Evacuation Warning,9885981.52050781,12693.2109369846,,,-118.491550122802,34.0298753973352,28,US-CA-XLA-SAN-Q1603,US,CA,XLA,SAN,Q1603,PALISADES,Evacuation Warning,Los Angeles
29,US-CA-XLA-LOS-Q1057,US,CA,XLA,LOS,Q1057,LOS-Q1057,PALISADES,Evacuation Order,7706773.46582031,13495.882682331,,,-118.552396037991,34.0697519428081,29,US-CA-XLA-LOS-Q1057,US,CA,XLA,LOS,Q1057,PALISADES,Evacuation Order,Los Angeles
30,US-CA-XLA-LOS-Q1085,US,CA,XLA,LOS,Q1085,LOS-Q1085,KENNETH,Evacuation Order,14873364.1953125,17239.4568621637,,,-118.66195938647,34.2012395655233,30,US-CA-XLA-LOS-Q1085,US,CA,XLA,LOS,Q1085,KENNETH,Evacuation Order,Los Angeles
31,US-CA-XLA-LAC-E153,US,CA,XLA,LAC,E153,LAC-E153,EATON,Evacuation Warning,448844425.429688,180510.575575892,,,-118.213369747233,34.2609431612426,31,US-CA-XLA-LAC-E153,US,CA,XLA,LAC,E153,EATON,Evacuation Warning,Los Angeles
32,US-CA-XLA-BRA-001Z,US,CA,XLA,BRA,001Z,BRA-001Z,EATON,Evacuation Warning,3969574.62207031,8994.39388499549,,,-117.973269001632,34.1478865636914,32,US-CA-XLA-BRA-001Z,US,CA,XLA,BRA,001Z,EATON,Evacuation Warning,Los Angeles
33,US-CA-XLA-LOS-Q0729,US,CA,XLA,LOS,Q0729,LOS-Q0729,KENNETH,Evacuation Order,9779504.79589844,14142.9895325547,,,-118.662113497158,34.1807670382216,33,US-CA-XLA-LOS-Q0729,US,CA,XLA,LOS,Q0729,KENNETH,Evacuation Order,Los Angeles
34,US-CA-XLA-LOS-Q0783,US,CA,XLA,LOS,Q0783,LOS-Q0783,PALISADES,Evacuation Warning,22000727.9697266,27222.4751833144,,,-118.47599103298,34.1151167005464,34,US-CA-XLA-LOS-Q0783,US,CA,XLA,LOS,Q0783,PALISADES,Evacuation Warning,Los Angeles
35,US-CA-XLA-AGO-C302,US,CA,XLA,AGO,C302,AGO-C302,KENNETH,Evacuation Warning,29158693.9638672,24664.1358328831,,,-118.766511170253,34.1610098964286,35,US-CA-XLA-AGO-C302,US,CA,XLA,AGO,C302,KENNETH,Evacuation Warning,Los Angeles
36,US-CA-XLA-AGO-C305,US,CA,XLA,AGO,C305,AGO-C305,KENNETH,Evacuation Warning,16562387.9492188,18983.7721629345,,,-118.784741409964,34.1509370801315,36,US-CA-XLA-AGO-C305,US,CA,XLA,AGO,C305,KENNETH,Evacuation Warning,Los Angeles
37,US-CA-XLA-AGO-C304,US,CA,XLA,AGO,C304,AGO-C304,KENNETH,Evacuation Warning,36445908.1494141,34107.0423040212,,,-118.738635715059,34.1579782066142,37,US-CA-XLA-AGO-C304,US,CA,XLA,AGO,C304,KENNETH,Evacuation Warning,Los Angeles
38,US-CA-XLA-CAL-C401,US,CA,XLA,CAL,C401,CAL-C401,KENNETH,Evacuation Order,23149209.6699219,21574.0228093886,,,-118.705685299673,34.1638779837931,38,US-CA-XLA-CAL-C401,US,CA,XLA,CAL,C401,KENNETH,Evacuation Order,Los Angeles
39,US-CA-XLA-LAC-TEASLEY,US,CA,XLA,LAC,TEASLEY,LAC-TEASLEY,EATON,Evacuation Warning,6300788.47460938,11979.7383538079,,,-118.231212041993,34.2326515781482,39,US-CA-XLA-LAC-TEASLEY,US,CA,XLA,LAC,TEASLEY,EATON,Evacuation Warning,Los Angeles
40,US-CA-XLA-MRV-004,US,CA,XLA,MRV,004,MRV-004,EATON,Evacuation Order,3596924.98828125,9611.49773262582,,,-118.002313023784,34.1638615283484,40,US-CA-XLA-MRV-004,US,CA,XLA,MRV,004,EATON,Evacuation Order,Los Angeles
41,US-CA-XLA-PAS-E009,US,CA,XLA,PAS,E009,PAS-E009,EATON,Evacuation Warning,13254081.7939453,16086.6300996091,,,-118.154528551508,34.1607036475153,41,US-CA-XLA-PAS-E009,US,CA,XLA,PAS,E009,EATON,Evacuation Warning,Los Angeles
42,US-CA-XLA-TOP-U007,US,CA,XLA,TOP,U007,TOP-U007,PALISADES,Evacuation Order,35518396.3867188,29059.3910931788,,,-118.605041118588,34.0881863810945,42,US-CA-XLA-TOP-U007,US,CA,XLA,TOP,U007,PALISADES,Evacuation Order,Los Angeles
43,US-CA-XLA-LOS-Q0600,US,CA,XLA,LOS,Q0600,LOS-Q0600,KENNETH,Evacuation Warning,31377844.6025391,22342.2735504158,,,-118.633191601705,34.1792739537313,43,US-CA-XLA-LOS-Q0600,US,CA,XLA,LOS,Q0600,KENNETH,Evacuation Warning,Los Angeles
44,US-CA-XLA-LOS-Q0710,US,CA,XLA,LOS,Q0710,LOS-Q0710,HURST,Evacuation Warning,11073911.5263672,17339.3319069356,,,-118.504442567708,34.3018750390235,44,US-CA-XLA-LOS-Q0710,US,CA,XLA,LOS,Q0710,HURST,Evacuation Warning,Los Angeles
45,US-CA-XLA-LCF-CASTLE,US,CA,XLA,LCF,CASTLE,LCF-CASTLE,EATON,Evacuation Order,7568221.46679688,12361.6493196228,,,-118.222286696291,34.2169975767088,45,US-CA-XLA-LCF-CASTLE,US,CA,XLA,LCF,CASTLE,EATON,Evacuation Order,Los Angeles
46,US-CA-XLA-LOS-Q0449,US,CA,XLA,LOS,Q0449,LOS-Q0449,HURST,Evacuation Warning,23193563.4638672,18937.1840498562,,,-118.527903762331,34.2714576095596,46,US-CA-XLA-LOS-Q0449,US,CA,XLA,LOS,Q0449,HURST,Evacuation Warning,Los Angeles
47,US-CA-XLA-RMB-U030,US,CA,XLA,RMB,U030,RMB-U030,PALISADES,Evacuation Order,155619948.891602,86190.8968211968,,,-118.678645199251,34.0638313244402,47,US-CA-XLA-RMB-U030,US,CA,XLA,RMB,U030,PALISADES,Evacuation Order,Los Angeles
48,US-CA-XLA-LOS-Q0762,US,CA,XLA,LOS,Q0762,LOS-Q0762,PALISADES,Evacuation Order,88415659.3779297,62612.2027990358,,,-118.538069147507,34.1378960843103,48,US-CA-XLA-LOS-Q0762,US,CA,XLA,LOS,Q0762,PALISADES,Evacuation Order,Los Angeles
49,US-CA-XLA-LOS-Q0406,US,CA,XLA,LOS,Q0406,LOS-Q0406,PALISADES,Evacuation Warning,14905078.1738281,17501.0350483009,,,-118.484254797556,34.0536385682825,49,US-CA-XLA-LOS-Q0406,US,CA,XLA,LOS,Q0406,PALISADES,Evacuation Warning,Los Angeles
50,US-CA-XLA-LAC-E081,US,CA,XLA,LAC,E081,LAC-E081,HURST,Evacuation Warning,79572093.6152344,52444.8178490342,,,-118.345119773343,34.4488724376722,50,US-CA-XLA-LAC-E081,US,CA,XLA,LAC,E081,HURST,Evacuation Warning,Los Angeles
51,US-CA-XLA-LAC-E165,US,CA,XLA,LAC,E165,LAC-E165,EATON,Evacuation Order,781550509.648438,220117.251121299,,,-118.135642781488,34.2247315109105,51,US-CA-XLA-LAC-E165,US,CA,XLA,LAC,E165,EATON,Evacuation Order,Los Angeles
52,US-CA-XLA-LOS-Q1053,US,CA,XLA,LOS,Q1053,LOS-Q1053,HURST,Evacuation Warning,10126175.0751953,15243.0794923116,,,-118.509307617862,34.2827692818426,52,US-CA-XLA-LOS-Q1053,US,CA,XLA,LOS,Q1053,HURST,Evacuation Warning,Los Angeles
53,US-CA-XLA-SCL-NADEU,US,CA,XLA,SCL,NADEU,SCL-NADEU,HURST,Evacuation Warning,69350375.0117188,73178.7174646825,,,-118.437171144675,34.3903541886068,53,US-CA-XLA-SCL-NADEU,US,CA,XLA,SCL,NADEU,HURST,Evacuation Warning,Los Angeles
54,US-CA-XLA-DUA-001,US,CA,XLA,DUA,001,DUA-001,EATON,Evacuation Warning,14280121.8076172,16028.1421027242,,,-117.955745070363,34.1615382341549,54,US-CA-XLA-DUA-001,US,CA,XLA,DUA,001,EATON,Evacuation Warning,Los Angeles
55,US-CA-XLA-TOP-U002,US,CA,XLA,TOP,U002,TOP-U002,PALISADES,Evacuation Order,75253701.6923828,42962.3973204088,,,-118.628160923804,34.1162787077112,55,US-CA-XLA-TOP-U002,US,CA,XLA,TOP,U002,PALISADES,Evacuation Order,Los Angeles
56,US-CA-XLA-LAC-E124,US,CA,XLA,LAC,E124,LAC-E124,EATON,Evacuation Warning,803145770.952148,169722.016506324,,,-118.167140788007,34.3466766399333,56,US-CA-XLA-LAC-E124,US,CA,XLA,LAC,E124,EATON,Evacuation Warning,Los Angeles
57,US-CA-XLA-LOS-Q1102,US,CA,XLA,LOS,Q1102,LOS-Q1102,HURST,Evacuation Warning,14667035.5771484,21450.575176747,,,-118.532269819266,34.2861632311032,57,US-CA-XLA-LOS-Q1102,US,CA,XLA,LOS,Q1102,HURST,Evacuation Warning,Los Angeles
58,US-CA-XLA-MRV-008,US,CA,XLA,MRV,008,MRV-008,EATON,Evacuation Order,10682471.6220703,19236.3156327428,,,-117.990407944184,34.17302064164,58,US-CA-XLA-MRV-008,US,CA,XLA,MRV,008,EATON,Evacuation Order,Los Angeles
59,US-CA-XLA-LOS-Q1672,US,CA,XLA,LOS,Q1672,LOS-Q1672,HURST,Evacuation Warning,63784080.0078125,44315.9081360019,,,-118.52042365187,34.3106180299872,59,US-CA-XLA-LOS-Q1672,US,CA,XLA,LOS,Q1672,HURST,Evacuation Warning,Los Angeles
60,US-CA-XLA-SCL-ALIENTO,US,CA,XLA,SCL,ALIENTO,SCL-ALIENTO,HURST,Evacuation Warning,6496817.33496094,17290.475303214,,,-118.455580103728,34.38932507682,60,US-CA-XLA-SCL-ALIENTO,US,CA,XLA,SCL,ALIENTO,HURST,Evacuation Warning,Los Angeles
61,US-CA-XLA-PAS-E020,US,CA,XLA,PAS,E020,PAS-E020,EATON,Evacuation Order,36232544.3525391,24153.4966540572,,,-118.0810775652,34.154698975403,61,US-CA-XLA-PAS-E020,US,CA,XLA,PAS,E020,EATON,Evacuation Order,Los Angeles
62,US-CA-XLA-LOS-Q0784,US,CA,XLA,LOS,Q0784,LOS-Q0784,PALISADES,Evacuation Order,28567684.8691406,40899.7421859013,,,-118.500158434369,34.0733871504552,62,US-CA-XLA-LOS-Q0784,US,CA,XLA,LOS,Q0784,PALISADES,Evacuation Order,Los Angeles
63,US-CA-XLA-SCL-WILDWOOD,US,CA,XLA,SCL,WILDWOOD,SCL-WILDWOOD,HURST,Evacuation Warning,46474754.9736328,42205.4827457594,,,-118.523116829956,34.3568633944046,63,US-CA-XLA-SCL-WILDWOOD,US,CA,XLA,SCL,WILDWOOD,HURST,Evacuation Warning,Los Angeles
64,US-CA-XLA-LAC-E164,US,CA,XLA,LAC,E164,LAC-E164,EATON,Evacuation Order,8271723.6015625,16549.4847555481,,,-118.124135303519,34.1982010889791,64,US-CA-XLA-LAC-E164,US,CA,XLA,LAC,E164,EATON,Evacuation Order,Los Angeles
65,US-CA-XLA-AGO-C301,US,CA,XLA,AGO,C301,AGO-C301,KENNETH,Evacuation Warning,18107535.0615234,19140.6582210828,,,-118.783558966156,34.1622686798177,65,US-CA-XLA-AGO-C301,US,CA,XLA,AGO,C301,KENNETH,Evacuation Warning,Los Angeles
66,US-CA-XLA-LOS-Q1121,US,CA,XLA,LOS,Q1121,LOS-Q1121,PALISADES,Evacuation Order,9139495.29003906,13838.5355982987,,,-118.562164759165,34.0443953579218,66,US-CA-XLA-LOS-Q1121,US,CA,XLA,LOS,Q1121,PALISADES,Evacuation Order,Los Angeles
67,US-CA-XLA-SCL-TEMP1,US,CA,XLA,SCL,TEMP1,SCL-TEMP1,HURST,Evacuation Warning,24226626.0058594,24046.3408642831,,,-118.532115732082,34.3533016132878,67,US-CA-XLA-SCL-TEMP1,US,CA,XLA,SCL,TEMP1,HURST,Evacuation Warning,Los Angeles
68,US-CA-XLA-LAC-E167,US,CA,XLA,LAC,E167,LAC-E167,EATON,Evacuation Order,59557399.5771484,34084.8278131257,,,-118.065414920207,34.2284198275783,68,US-CA-XLA-LAC-E167,US,CA,XLA,LAC,E167,EATON,Evacuation Order,Los Angeles
69,US-CA-XLA-SSM-U010,US,CA,XLA,SSM,U010,SSM-U010,PALISADES,Evacuation Order,105744145.295898,56283.5433071066,,,-118.601169889595,34.0479904482077,69,US-CA-XLA-SSM-U010,US,CA,XLA,SSM,U010,PALISADES,Evacuation Order,Los Angeles
70,US-CA-XLA-SCL-MEDLEYRIDGE,US,CA,XLA,SCL,MEDLEYRIDGE,SCL-MEDLEYRIDGE,HURST,Evacuation Warning,7527150.45703125,12458.7788120152,,,-118.434475001271,34.4097821715459,70,US-CA-XLA-SCL-MEDLEYRIDGE,US,CA,XLA,SCL,MEDLEYRIDGE,HURST,Evacuation Warning,Los Angeles
71,US-CA-XLA-SCL-SANDNORTH,US,CA,XLA,SCL,SANDNORTH,SCL-SANDNORTH,HURST,Evacuation Warning,91608747.5869141,44058.1231669129,,,-118.403546609163,34.4117992246382,71,US-CA-XLA-SCL-SANDNORTH,US,CA,XLA,SCL,SANDNORTH,HURST,Evacuation Warning,Los Angeles
72,US-CA-XLA-LAC-E163,US,CA,XLA,LAC,E163,LAC-E163,EATON,Evacuation Order,4411397.66796875,9138.0255697654,,,-118.133593574668,34.1996404532004,72,US-CA-XLA-LAC-E163,US,CA,XLA,LAC,E163,EATON,Evacuation Order,Los Angeles
73,US-CA-XLA-LAC-E122,US,CA,XLA,LAC,E122,LAC-E122,EATON,Evacuation Warning,647999040.639648,199439.686669666,,,-118.264277646659,34.3716798364736,73,US-CA-XLA-LAC-E122,US,CA,XLA,LAC,E122,EATON,Evacuation Warning,Los Angeles
74,US-CA-XLA-LOS-Q0768,US,CA,XLA,LOS,Q0768,LOS-Q0768,PALISADES,Evacuation Order,253502683.883789,145497.894695423,,,-118.574939627865,34.08886647174,74,US-CA-XLA-LOS-Q0768,US,CA,XLA,LOS,Q0768,PALISADES,Evacuation Order,Los Angeles
75,US-CA-XLA-LAC-E132,US,CA,XLA,LAC,E132,LAC-E132,HURST,Evacuation Order,110868426.744141,55698.6419786073,,,-118.525048380006,34.3328133042789,75,US-CA-XLA-LAC-E132,US,CA,XLA,LAC,E132,HURST,Evacuation Order,Los Angeles
76,US-CA-XLA-LAC-E123,US,CA,XLA,LAC,E123,LAC-E123,EATON,Evacuation Warning,1136689624.69824,261596.505908148,,,-118.190548213198,34.4115806442501,76,US-CA-XLA-LAC-E123,US,CA,XLA,LAC,E123,EATON,Evacuation Warning,Los Angeles
77,US-CA-XLA-LOS-Q0780,US,CA,XLA,LOS,Q0780,LOS-Q0780,PALISADES,Evacuation Order,20346991.5166016,32120.035569701,,,-118.483800270489,34.0712034458104,77,US-CA-XLA-LOS-Q0780,US,CA,XLA,LOS,Q0780,PALISADES,Evacuation Order,Los Angeles
78,US-CA-XLA-PAS-E011,US,CA,XLA,PAS,E011,PAS-E011,EATON,Evacuation Warning,16801400.0273438,17800.5636432163,,,-118.146079876274,34.1605228382652,78,US-CA-XLA-PAS-E011,US,CA,XLA,PAS,E011,EATON,Evacuation Warning,Los Angeles
79,US-CA-XLA-SCL-LOSTCANYON,US,CA,XLA,SCL,LOSTCANYON,SCL-LOSTCANYON,HURST,Evacuation Warning,11925522.5351563,18868.5944427098,,,-118.457661615432,34.398084404489,79,US-CA-XLA-SCL-LOSTCANYON,US,CA,XLA,SCL,LOSTCANYON,HURST,Evacuation Warning,Los Angeles
80,US-CA-XLA-ARC-1072,US,CA,XLA,ARC,1072,ARC-1072,EATON,Evacuation Order,9741091.06640625,12882.6438031677,,,-118.026667644672,34.1638649430353,80,US-CA-XLA-ARC-1072,US,CA,XLA,ARC,1072,EATON,Evacuation Order,Los Angeles
81,US-CA-XLA-LAC-E135,US,CA,XLA,LAC,E135,LAC-E135,HURST,Evacuation Warning,221946987.950195,107816.195501787,,,-118.37569715107,34.3338446166854,81,US-CA-XLA-LAC-E135,US,CA,XLA,LAC,E135,HURST,Evacuation Warning,Los Angeles
82,US-CA-XLA-MCR-U021,US,CA,XLA,MCR,U021,MCR-U021,PALISADES,Evacuation Warning,383518301.027344,118047.412905832,,,-118.744794984745,34.0725326596019,82,US-CA-XLA-MCR-U021,US,CA,XLA,MCR,U021,PALISADES,Evacuation Warning,Los Angeles
83,US-CA-XLA-SIE-E017,US,CA,XLA,SIE,E017,SIE-E017,EATON,Evacuation Order,15961560.0214844,21456.8515226457,,,-118.053266535601,34.1643494078338,83,US-CA-XLA-SIE-E017,US,CA,XLA,SIE,E017,EATON,Evacuation Order,Los Angeles
84,US-CA-XLA-TOP-U008,US,CA,XLA,TOP,U008,TOP-U008,PALISADES,Evacuation Order,94473634.5146484,44219.7358578188,,,-118.623814704817,34.0744312307179,84,US-CA-XLA-TOP-U008,US,CA,XLA,TOP,U008,PALISADES,Evacuation Order,Los Angeles
85,US-CA-XLA-ARC-1071,US,CA,XLA,ARC,1071,ARC-1071,EATON,Evacuation Order,12128698.7597656,15515.0153309486,,,-118.025509171612,34.1741309587962,85,US-CA-XLA-ARC-1071,US,CA,XLA,ARC,1071,EATON,Evacuation Order,Los Angeles
86,US-CA-XLA-LOS-Q0412,US,CA,XLA,LOS,Q0412,LOS-Q0412,HURST,Evacuation Warning,34927580.5986328,26207.4264058402,,,-118.478757052388,34.3135546922455,86,US-CA-XLA-LOS-Q0412,US,CA,XLA,LOS,Q0412,HURST,Evacuation Warning,Los Angeles
87,US-CA-XLA-MRV-002,US,CA,XLA,MRV,002,MRV-002,EATON,Evacuation Order,6535005.47558594,12973.6421381713,,,-118.011914821805,34.1607208078147,87,US-CA-XLA-MRV-002,US,CA,XLA,MRV,002,EATON,Evacuation Order,Los Angeles
88,US-CA-XLA-LAC-E158,US,CA,XLA,LAC,E158,LAC-E158,EATON,Evacuation Order,2020273.265625,6437.15637473646,,,-118.147387601694,34.2010421834253,88,US-CA-XLA-LAC-E158,US,CA,XLA,LAC,E158,EATON,Evacuation Order,Los Angeles
89,US-CA-XLA-SCL-COLONY,US,CA,XLA,SCL,COLONY,SCL-COLONY,HURST,Evacuation Warning,11182130.5556641,20299.8904315567,,,-118.4404070962,34.4115524637044,89,US-CA-XLA-SCL-COLONY,US,CA,XLA,SCL,COLONY,HURST,Evacuation Warning,Los Angeles
90,US-CA-XLA-MAL-C111,US,CA,XLA,MAL,C111,MAL-C111,PALISADES,Evacuation Order,66019091.46875,52279.1543264993,,,-118.622919855103,34.0420882226893,90,US-CA-XLA-MAL-C111,US,CA,XLA,MAL,C111,PALISADES,Evacuation Order,Los Angeles
91,US-CA-XLA-LAC-E159,US,CA,XLA,LAC,E159,LAC-E159,EATON,Evacuation Order,36535945.1582031,26539.6260957461,,,-118.144311622073,34.2128182985335,91,US-CA-XLA-LAC-E159,US,CA,XLA,LAC,E159,EATON,Evacuation Order,Los Angeles
92,US-CA-XLA-LAC-E137,US,CA,XLA,LAC,E137,LAC-E137,HURST,Evacuation Warning,51895595.0683594,67225.3588899844,,,-118.297427926033,34.3262735355167,92,US-CA-XLA-LAC-E137,US,CA,XLA,LAC,E137,HURST,Evacuation Warning,Los Angeles
93,US-CA-XLA-SIE-E010,US,CA,XLA,SIE,E010,SIE-E010,EATON,Evacuation Order,2426686.28515625,7529.25840863835,,,-118.038261463673,34.1708184840024,93,US-CA-XLA-SIE-E010,US,CA,XLA,SIE,E010,EATON,Evacuation Order,Los Angeles
94,US-CA-XLA-LAC-E088,US,CA,XLA,LAC,E088,LAC-E088,HURST,Evacuation Order,178202125.683594,68248.9386810671,,,-118.200736797923,34.4395798843173,94,US-CA-XLA-LAC-E088,US,CA,XLA,LAC,E088,HURST,Evacuation Order,Los Angeles
95,US-CA-XLA-SIE-E018,US,CA,XLA,SIE,E018,SIE-E018,EATON,Evacuation Warning,15733605.2773438,21465.8490521908,,,-118.053216083001,34.1594727896097,95,US-CA-XLA-SIE-E018,US,CA,XLA,SIE,E018,EATON,Evacuation Warning,Los Angeles
96,US-CA-XLA-LOS-Q0387,US,CA,XLA,LOS,Q0387,LOS-Q0387,HURST,Evacuation Warning,19888679.0234375,17462.6336594372,,,-118.55445627035,34.2806612016152,96,US-CA-XLA-LOS-Q0387,US,CA,XLA,LOS,Q0387,HURST,Evacuation Warning,Los Angeles
97,US-CA-XLA-LOS-Q1168,US,CA,XLA,LOS,Q1168,LOS-Q1168,PALISADES,Evacuation Order,17783262.3388672,20534.9547789828,,,-118.556767125619,34.0819658309789,97,US-CA-XLA-LOS-Q1168,US,CA,XLA,LOS,Q1168,PALISADES,Evacuation Order,Los Angeles
98,US-CA-XLA-TOP-U003,US,CA,XLA,TOP,U003,TOP-U003,PALISADES,Evacuation Order,43573270.8652344,30100.9288379012,,,-118.601413047758,34.1180892144754,98,US-CA-XLA-TOP-U003,US,CA,XLA,TOP,U003,PALISADES,Evacuation Order,Los Angeles
99,US-CA-XLA-GLN-E002,US,CA,XLA,GLN,E002,GLN-E002,EATON,Evacuation Warning,9780345.25488281,15919.4016428582,,,-118.255472959507,34.2444994566302,99,US-CA-XLA-GLN-E002,US,CA,XLA,GLN,E002,EATON,Evacuation Warning,Los Angeles
100,US-CA-XLA-SIE-E001,US,CA,XLA,SIE,E001,SIE-E001,EATON,Evacuation Order,2735689.98339844,6769.37835505033,,,-118.063171799176,34.1732025442198,100,US-CA-XLA-SIE-E001,US,CA,XLA,SIE,E001,EATON,Evacuation Order,Los Angeles
101,US-CA-XLA-RRC-U027,US,CA,XLA,RRC,U027,RRC-U027,PALISADES,Evacuation Order,52636276.0136719,48172.5475592399,,,-118.647348362386,34.0992376736472,101,US-CA-XLA-RRC-U027,US,CA,XLA,RRC,U027,PALISADES,Evacuation Order,Los Angeles
102,US-CA-XLA-LOS-Q0848,US,CA,XLA,LOS,Q0848,LOS-Q0848,PALISADES,Evacuation Order,14718538.2666016,23970.8596087197,,,-118.489357239475,34.0667636082126,102,US-CA-XLA-LOS-Q0848,US,CA,XLA,LOS,Q0848,PALISADES,Evacuation Order,Los Angeles
103,US-CA-XLA-MRV-007,US,CA,XLA,MRV,007,MRV-007,EATON,Evacuation Order,9100419.03222656,19203.2718482065,,,-117.995181057233,34.1675781296862,103,US-CA-XLA-MRV-007,US,CA,XLA,MRV,007,EATON,Evacuation Order,Los Angeles
104,US-CA-XLA-LOS-Q1166,US,CA,XLA,LOS,Q1166,LOS-Q1166,SUNSET,Evacuation Warning,14010202.0751953,19857.2089216722,,,-118.388471772107,34.0990954597931,104,US-CA-XLA-LOS-Q1166,US,CA,XLA,LOS,Q1166,SUNSET,Evacuation Warning,Los Angeles
105,US-CA-XLA-BRA-E002-B,US,CA,XLA,BRA,E002,BRA-E002,EATON,Evacuation Warning,15890519.6894531,21016.1967470776,,,-117.964238263504,34.1545097386362,105,US-CA-XLA-BRA-E002-B,US,CA,XLA,BRA,E002,EATON,Evacuation Warning,Los Angeles
105,US-CA-XLA-BRA-E002-B,US,CA,XLA,BRA,E002,BRA-E002,EATON,Evacuation Warning,15890519.6894531,21016.1967470776,,,-117.972066962035,34.157154921729,244,US-CA-XLA-BRA-E002,US,CA,XLA,BRA,E002,EATON,Evacuation Warning,Los Angeles
244,US-CA-XLA-BRA-E002,US,CA,XLA,BRA,E002,BRA-E002,EATON,Evacuation Warning,20746415.9355469,22516.2699959537,,,-117.964238263504,34.1545097386362,105,US-CA-XLA-BRA-E002-B,US,CA,XLA,BRA,E002,EATON,Evacuation Warning,Los Angeles
244,US-CA-XLA-BRA-E002,US,CA,XLA,BRA,E002,BRA-E002,EATON,Evacuation Warning,20746415.9355469,22516.2699959537,,,-117.972066962035,34.157154921729,244,US-CA-XLA-BRA-E002,US,CA,XLA,BRA,E002,EATON,Evacuation Warning,Los Angeles
106,US-CA-XLA-PAS-E010,US,CA,XLA,PAS,E010,PAS-E010,EATON,Evacuation Order,13929474.4365234,15443.4894904176,,,-118.146210520031,34.1761606858527,106,US-CA-XLA-PAS-E010,US,CA,XLA,PAS,E010,EATON,Evacuation Order,Los Angeles
107,US-CA-XLA-LAC-E183,US,CA,XLA,LAC,E183,LAC-E183,EATON,Evacuation Order,5737463.59765625,10404.5827877106,,,-118.069982658325,34.1759960791647,107,US-CA-XLA-LAC-E183,US,CA,XLA,LAC,E183,EATON,Evacuation Order,Los Angeles
108,US-CA-XLA-LOS-Q0778,US,CA,XLA,LOS,Q0778,LOS-Q0778,PALISADES,Evacuation Order,25983293.7861328,53410.8653064795,,,-118.50209061309,34.1084086951289,108,US-CA-XLA-LOS-Q0778,US,CA,XLA,LOS,Q0778,PALISADES,Evacuation Order,Los Angeles
109,US-CA-XLA-DRY-U026,US,CA,XLA,DRY,U026,DRY-U026,PALISADES,Evacuation Warning,100527690.251953,53751.8424576055,,,-118.682819689948,34.1061022682555,109,US-CA-XLA-DRY-U026,US,CA,XLA,DRY,U026,PALISADES,Evacuation Warning,Los Angeles
110,US-CA-XLA-LOS-Q1056,US,CA,XLA,LOS,Q1056,LOS-Q1056,HURST,Evacuation Warning,28125100.5224609,25647.8104436756,,,-118.481216173193,34.2727052511458,110,US-CA-XLA-LOS-Q1056,US,CA,XLA,LOS,Q1056,HURST,Evacuation Warning,Los Angeles
111,US-CA-XLA-LOS-Q1071,US,CA,XLA,LOS,Q1071,LOS-Q1071,KENNETH,Evacuation Warning,14559189.6152344,15906.1071175524,,,-118.649536692733,34.1906483587972,111,US-CA-XLA-LOS-Q1071,US,CA,XLA,LOS,Q1071,KENNETH,Evacuation Warning,Los Angeles
112,US-CA-XLA-LAC-E160,US,CA,XLA,LAC,E160,LAC-E160,EATON,Evacuation Order,12977577.0732422,17675.5342968836,,,-118.142623995464,34.1958558962356,112,US-CA-XLA-LAC-E160,US,CA,XLA,LAC,E160,EATON,Evacuation Order,Los Angeles
113,US-CA-XLA-LOS-Q0761,US,CA,XLA,LOS,Q0761,LOS-Q0761,PALISADES,Evacuation Warning,12451031.15625,24276.6852042706,,,-118.557627798859,34.1384518026981,113,US-CA-XLA-LOS-Q0761,US,CA,XLA,LOS,Q0761,PALISADES,Evacuation Warning,Los Angeles
114,US-CA-XLA-LOS-Q0723,US,CA,XLA,LOS,Q0723,LOS-Q0723,HURST,Evacuation Warning,25293469.4003906,20309.5324768472,,,-118.510954920457,34.2714785945507,114,US-CA-XLA-LOS-Q0723,US,CA,XLA,LOS,Q0723,HURST,Evacuation Warning,Los Angeles
115,US-CA-XLA-LOS-Q1100,US,CA,XLA,LOS,Q1100,LOS-Q1100,HURST,Evacuation Warning,10748318.75,19197.9187619203,,,-118.549241879343,34.2904991396569,115,US-CA-XLA-LOS-Q1100,US,CA,XLA,LOS,Q1100,HURST,Evacuation Warning,Los Angeles
116,US-CA-XLA-SAN-Q1388,US,CA,XLA,SAN,Q1388,SAN-Q1388,PALISADES,Evacuation Order,16801038.9453125,34575.6639315012,,,-118.4972184776,34.0107921262627,116,US-CA-XLA-SAN-Q1388,US,CA,XLA,SAN,Q1388,PALISADES,Evacuation Order,Los Angeles
117,US-CA-XLA-LCF-BERKSHIRE,US,CA,XLA,LCF,BERKSHIRE,LCF-BERKSHIRE,EATON,Evacuation Order,22441910.8310547,24866.2331948095,,,-118.188004921906,34.1943489859332,117,US-CA-XLA-LCF-BERKSHIRE,US,CA,XLA,LCF,BERKSHIRE,EATON,Evacuation Order,Los Angeles
118,US-CA-XLA-LOS-Q0860,US,CA,XLA,LOS,Q0860,LOS-Q0860,SUNSET,Evacuation Warning,15957980.8857422,27939.2250120696,,,-118.398087406194,34.1139779651884,118,US-CA-XLA-LOS-Q0860,US,CA,XLA,LOS,Q0860,SUNSET,Evacuation Warning,Los Angeles
119,US-CA-XLA-LOS-Q1127,US,CA,XLA,LOS,Q1127,LOS-Q1127,SUNSET,Evacuation Order,7872371.77929688,18010.9211894754,,,-118.338552474669,34.1090309721173,119,US-CA-XLA-LOS-Q1127,US,CA,XLA,LOS,Q1127,SUNSET,Evacuation Order,Los Angeles
120,US-CA-XLA-LOS-Q0814,US,CA,XLA,LOS,Q0814,LOS-Q0814,PALISADES,Evacuation Order,12061442.5107422,18214.6202273846,,,-118.529326628402,34.0407979266619,120,US-CA-XLA-LOS-Q0814,US,CA,XLA,LOS,Q0814,PALISADES,Evacuation Order,Los Angeles
121,US-CA-XLA-TOP-U006,US,CA,XLA,TOP,U006,TOP-U006,PALISADES,Evacuation Order,42585127.9960938,29580.6497649418,,,-118.598719886648,34.1016674936432,121,US-CA-XLA-TOP-U006,US,CA,XLA,TOP,U006,PALISADES,Evacuation Order,Los Angeles
122,US-CA-XLA-LOS-Q0798,US,CA,XLA,LOS,Q0798,LOS-Q0798,PALISADES,Evacuation Order,11452829.7060547,32385.9715251789,,,-118.479997810494,34.1246009113388,122,US-CA-XLA-LOS-Q0798,US,CA,XLA,LOS,Q0798,PALISADES,Evacuation Order,Los Angeles
123,US-CA-XLA-LOS-Q0806,US,CA,XLA,LOS,Q0806,LOS-Q0806,PALISADES,Evacuation Order,6965850.62402344,18155.3198865002,,,-118.542909076991,34.0437141139274,123,US-CA-XLA-LOS-Q0806,US,CA,XLA,LOS,Q0806,PALISADES,Evacuation Order,Los Angeles
124,US-CA-XLA-LOS-Q0731,US,CA,XLA,LOS,Q0731,LOS-Q0731,KENNETH,Evacuation Warning,28735774.2441406,24748.7823031372,,,-118.634015264837,34.2031863054967,124,US-CA-XLA-LOS-Q0731,US,CA,XLA,LOS,Q0731,KENNETH,Evacuation Warning,Los Angeles
125,US-CA-XLA-LOS-Q1140,US,CA,XLA,LOS,Q1140,LOS-Q1140,SUNSET,Evacuation Warning,7210715.81640625,19671.0795936754,,,-118.375355245711,34.109215425193,125,US-CA-XLA-LOS-Q1140,US,CA,XLA,LOS,Q1140,SUNSET,Evacuation Warning,Los Angeles
126,US-CA-XLA-LOS-Q0369,US,CA,XLA,LOS,Q0369,LOS-Q0369,KENNETH,Evacuation Warning,15006089.0771484,16035.0970858144,,,-118.649127600609,34.179013252122,126,US-CA-XLA-LOS-Q0369,US,CA,XLA,LOS,Q0369,KENNETH,Evacuation Warning,Los Angeles
127,US-CA-XLA-GLN-E038,US,CA,XLA,GLN,E038,GLN-E038,EATON,Evacuation Warning,12093243.2373047,15920.3714492506,,,-118.232228637773,34.1585972691267,127,US-CA-XLA-GLN-E038,US,CA,XLA,GLN,E038,EATON,Evacuation Warning,Los Angeles
128,US-CA-XLA-LOS-Q0847,US,CA,XLA,LOS,Q0847,LOS-Q0847,SUNSET,Evacuation Warning,19680349.671875,25443.3086540646,,,-118.373264522189,34.0990216155725,128,US-CA-XLA-LOS-Q0847,US,CA,XLA,LOS,Q0847,SUNSET,Evacuation Warning,Los Angeles
129,US-CA-XLA-LOS-Q0796,US,CA,XLA,LOS,Q0796,LOS-Q0796,SUNSET,Evacuation Order,6158451.42382813,16672.1895653034,,,-118.350747859864,34.1123428841966,129,US-CA-XLA-LOS-Q0796,US,CA,XLA,LOS,Q0796,SUNSET,Evacuation Order,Los Angeles
130,US-CA-XLA-ARC-1075,US,CA,XLA,ARC,1075,ARC-1075,EATON,Evacuation Warning,39480294.3261719,37258.5345429649,,,-118.044233000656,34.1500917617754,130,US-CA-XLA-ARC-1075,US,CA,XLA,ARC,1075,EATON,Evacuation Warning,Los Angeles
131,US-CA-XLA-LOS-Q0718,US,CA,XLA,LOS,Q0718,LOS-Q0718,HURST,Evacuation Warning,13232048.8066406,16587.7849993549,,,-118.48889706824,34.287297305629,131,US-CA-XLA-LOS-Q0718,US,CA,XLA,LOS,Q0718,HURST,Evacuation Warning,Los Angeles
132,US-CA-XLA-LOS-Q0804,US,CA,XLA,LOS,Q0804,LOS-Q0804,PALISADES,Evacuation Order,23606436.9257813,31642.7367609372,,,-118.54969098122,34.0576727518822,132,US-CA-XLA-LOS-Q0804,US,CA,XLA,LOS,Q0804,PALISADES,Evacuation Order,Los Angeles
133,US-CA-XLA-SCL-SANDSOUTH,US,CA,XLA,SCL,SANDSOUTH,SCL-SANDSOUTH,HURST,Evacuation Warning,55067041.9423828,39986.3056548149,,,-118.405755411022,34.3813011160736,133,US-CA-XLA-SCL-SANDSOUTH,US,CA,XLA,SCL,SANDSOUTH,HURST,Evacuation Warning,Los Angeles
134,US-CA-XLA-LAC-E157,US,CA,XLA,LAC,E157,LAC-E157,EATON,Evacuation Order,3387930.36425781,7560.10760238474,,,-118.155837768706,34.1995548646828,134,US-CA-XLA-LAC-E157,US,CA,XLA,LAC,E157,EATON,Evacuation Order,Los Angeles
135,US-CA-XLA-MRV-005,US,CA,XLA,MRV,005,MRV-005,EATON,Evacuation Order,2768314.90234375,9300.16042444387,,,-118.005125257236,34.1595724449668,135,US-CA-XLA-MRV-005,US,CA,XLA,MRV,005,EATON,Evacuation Order,Los Angeles
136,US-CA-XLA-SCL-GOLDENOAK,US,CA,XLA,SCL,GOLDENOAK,SCL-GOLDENOAK,HURST,Evacuation Warning,4156361.7421875,13337.0369694929,,,-118.458767119789,34.3917985205084,136,US-CA-XLA-SCL-GOLDENOAK,US,CA,XLA,SCL,GOLDENOAK,HURST,Evacuation Warning,Los Angeles
137,US-CA-XLA-LOS-Q0864,US,CA,XLA,LOS,Q0864,LOS-Q0864,SUNSET,Evacuation Warning,12011641.4628906,21359.4815068994,,,-118.380933467577,34.1187572383241,137,US-CA-XLA-LOS-Q0864,US,CA,XLA,LOS,Q0864,SUNSET,Evacuation Warning,Los Angeles
138,US-CA-XLA-LAC-E120,US,CA,XLA,LAC,E120,LAC-E120,HURST,Evacuation Warning,83413756.0146484,77974.6767491136,,,-118.418932334528,34.3544617112029,138,US-CA-XLA-LAC-E120,US,CA,XLA,LAC,E120,HURST,Evacuation Warning,Los Angeles
139,US-CA-XLA-LOS-Q1138,US,CA,XLA,LOS,Q1138,LOS-Q1138,SUNSET,Evacuation Warning,3870217.43457031,9705.4933558655,,,-118.403146523303,34.098533844599,139,US-CA-XLA-LOS-Q1138,US,CA,XLA,LOS,Q1138,SUNSET,Evacuation Warning,Los Angeles
140,US-CA-XLA-LAC-E162,US,CA,XLA,LAC,E162,LAC-E162,EATON,Evacuation Order,5288146.92382813,11090.6888337008,,,-118.134698901128,34.2070509667259,140,US-CA-XLA-LAC-E162,US,CA,XLA,LAC,E162,EATON,Evacuation Order,Los Angeles
141,US-CA-XLA-LAC-PINECONE,US,CA,XLA,LAC,PINECONE,LAC-PINECONE,EATON,Evacuation Warning,13393714.2197266,17904.5608594953,,,-118.240788845623,34.2442598993124,141,US-CA-XLA-LAC-PINECONE,US,CA,XLA,LAC,PINECONE,EATON,Evacuation Warning,Los Angeles
142,US-CA-XLA-SIE-E012,US,CA,XLA,SIE,E012,SIE-E012,EATON,Evacuation Order,1927754.53808594,9522.95251562696,,,-118.035481510793,34.1693663899531,142,US-CA-XLA-SIE-E012,US,CA,XLA,SIE,E012,EATON,Evacuation Order,Los Angeles
143,US-CA-XLA-CAL-C410,US,CA,XLA,CAL,C410,CAL-C410,PALISADES,Evacuation Warning,27630550.2109375,22635.9401013503,,,-118.639790029504,34.1495910116168,143,US-CA-XLA-CAL-C410,US,CA,XLA,CAL,C410,PALISADES,Evacuation Warning,Los Angeles
144,US-CA-XLA-LOS-Q1122,US,CA,XLA,LOS,Q1122,LOS-Q1122,PALISADES,Evacuation Order,18825055.4941406,23405.2277771706,,,-118.513176117891,34.0387547771499,144,US-CA-XLA-LOS-Q1122,US,CA,XLA,LOS,Q1122,PALISADES,Evacuation Order,Los Angeles
145,US-CA-XLA-LCF-FOOTHILLWEST,US,CA,XLA,LCF,FOOTHILLWEST,LCF-FOOTHILLWEST,EATON,Evacuation Order,7563077.41015625,19900.1504001858,,,-118.220253320925,34.2129964238449,145,US-CA-XLA-LCF-FOOTHILLWEST,US,CA,XLA,LCF,FOOTHILLWEST,EATON,Evacuation Order,Los Angeles
146,US-CA-XLA-SIE-E019,US,CA,XLA,SIE,E019,SIE-E019,EATON,Evacuation Order,20241846.6220703,31849.3257455808,,,-118.036312302553,34.1753512287257,146,US-CA-XLA-SIE-E019,US,CA,XLA,SIE,E019,EATON,Evacuation Order,Los Angeles
147,US-CA-XLA-LOS-Q1160,US,CA,XLA,LOS,Q1160,LOS-Q1160,SUNSET,Evacuation Order,9561578.5859375,22058.1062152047,,,-118.345228465432,34.1121910998982,147,US-CA-XLA-LOS-Q1160,US,CA,XLA,LOS,Q1160,SUNSET,Evacuation Order,Los Angeles
148,US-CA-XLA-CAL-C408,US,CA,XLA,CAL,C408,CAL-C408,PALISADES,Evacuation Warning,18070671.8955078,20144.8603980504,,,-118.664565415634,34.1334619201302,148,US-CA-XLA-CAL-C408,US,CA,XLA,CAL,C408,PALISADES,Evacuation Warning,Los Angeles
149,US-CA-XLA-HID-C502,US,CA,XLA,HID,C502,HID-C502,KENNETH,Evacuation Order,36179930.1572266,30500.3748441812,,,-118.65254636763,34.1607610398658,149,US-CA-XLA-HID-C502,US,CA,XLA,HID,C502,KENNETH,Evacuation Order,Los Angeles
150,US-CA-XLA-CAL-C402,US,CA,XLA,CAL,C402,CAL-C402,KENNETH,Evacuation Order,14227675.1513672,21675.334389354,,,-118.700628327515,34.1547327105809,150,US-CA-XLA-CAL-C402,US,CA,XLA,CAL,C402,KENNETH,Evacuation Order,Los Angeles
151,US-CA-XLA-LAC-E168,US,CA,XLA,LAC,E168,LAC-E168,EATON,Evacuation Order,1127578211.51074,201210.865911526,,,-117.962237282076,34.2008538900936,151,US-CA-XLA-LAC-E168,US,CA,XLA,LAC,E168,EATON,Evacuation Order,Los Angeles
152,US-CA-XLA-MRV-016,US,CA,XLA,MRV,016,MRV-016,EATON,Evacuation Order,2802629.96289063,8523.29612832655,,,-117.990297124084,34.15988110717,152,US-CA-XLA-MRV-016,US,CA,XLA,MRV,016,EATON,Evacuation Order,Los Angeles
153,US-CA-XLA-BRA-X003,US,CA,XLA,BRA,X003,BRA-X003,EATON,Evacuation Warning,5371272.72265625,11079.0908834012,,,-117.980230300271,34.1513639860576,153,US-CA-XLA-BRA-X003,US,CA,XLA,BRA,X003,EATON,Evacuation Warning,Los Angeles
154,US-CA-XLA-LAC-E121,US,CA,XLA,LAC,E121,LAC-E121,HURST,Evacuation Warning,586628049.416016,142882.197801402,,,-118.342314571056,34.3978270373138,154,US-CA-XLA-LAC-E121,US,CA,XLA,LAC,E121,HURST,Evacuation Warning,Los Angeles
155,US-CA-XLA-LAC-E176,US,CA,XLA,LAC,E176,LAC-E176,EATON,Evacuation Order,5638180.84375,13099.5954198307,,,-118.129186215432,34.1944273904294,155,US-CA-XLA-LAC-E176,US,CA,XLA,LAC,E176,EATON,Evacuation Order,Los Angeles
156,US-CA-XLA-LOS-Q0386,US,CA,XLA,LOS,Q0386,LOS-Q0386,HURST,Evacuation Warning,18937179.7324219,21856.6181315257,,,-118.541431109664,34.2822810985219,156,US-CA-XLA-LOS-Q0386,US,CA,XLA,LOS,Q0386,HURST,Evacuation Warning,Los Angeles
157,US-CA-XLA-LAC-E161,US,CA,XLA,LAC,E161,LAC-E161,EATON,Evacuation Order,5305527.10351563,9739.69202681582,,,-118.14030971458,34.2002186335602,157,US-CA-XLA-LAC-E161,US,CA,XLA,LAC,E161,EATON,Evacuation Order,Los Angeles
158,US-CA-XLA-SCL-CARDINAL,US,CA,XLA,SCL,CARDINAL,SCL-CARDINAL,HURST,Evacuation Warning,5796271.24511719,12677.6080804866,,,-118.448690780006,34.3982955135363,158,US-CA-XLA-SCL-CARDINAL,US,CA,XLA,SCL,CARDINAL,HURST,Evacuation Warning,Los Angeles
159,US-CA-XLA-LAC-MOUNTAIN,US,CA,XLA,LAC,MOUNTAIN,LAC-MOUNTAIN,EATON,Evacuation Warning,7466585.20996094,11410.5732005354,,,-118.231120178323,34.2241663485838,159,US-CA-XLA-LAC-MOUNTAIN,US,CA,XLA,LAC,MOUNTAIN,EATON,Evacuation Warning,Los Angeles
160,US-CA-XLA-CAL-C412,US,CA,XLA,CAL,C412,CAL-C412,PALISADES,Evacuation Warning,6250469.01464844,15272.8773540738,,,-118.631502193998,34.1429771578095,160,US-CA-XLA-CAL-C412,US,CA,XLA,CAL,C412,PALISADES,Evacuation Warning,Los Angeles
161,US-CA-XLA-GLN-E041,US,CA,XLA,GLN,E041,GLN-E041,EATON,Evacuation Order,4796808.45898438,13353.8927143409,,,-118.192991639839,34.1692390244115,161,US-CA-XLA-GLN-E041,US,CA,XLA,GLN,E041,EATON,Evacuation Order,Los Angeles
162,US-CA-XLA-PAS-E015,US,CA,XLA,PAS,E015,PAS-E015,EATON,Evacuation Order,19621628.0878906,20446.2843027719,,,-118.117274553505,34.1682625306571,162,US-CA-XLA-PAS-E015,US,CA,XLA,PAS,E015,EATON,Evacuation Order,Los Angeles
163,US-CA-XLA-LAC-HENRIETTA,US,CA,XLA,LAC,HENRIETTA,LAC-HENRIETTA,EATON,Evacuation Warning,9261906.60449219,14897.6654019116,,,-118.242036412295,34.2372213103679,163,US-CA-XLA-LAC-HENRIETTA,US,CA,XLA,LAC,HENRIETTA,EATON,Evacuation Warning,Los Angeles
164,US-CA-XLA-TOP-U005,US,CA,XLA,TOP,U005,TOP-U005,PALISADES,Evacuation Order,41920134.4335938,28119.6056904618,,,-118.628104428492,34.1031733937195,164,US-CA-XLA-TOP-U005,US,CA,XLA,TOP,U005,PALISADES,Evacuation Order,Los Angeles
165,US-CA-XLA-SCL-ETERNAL,US,CA,XLA,SCL,ETERNAL,SCL-ETERNAL,HURST,Evacuation Warning,38533805.7314453,32434.2499334865,,,-118.511864840604,34.3560844342579,165,US-CA-XLA-SCL-ETERNAL,US,CA,XLA,SCL,ETERNAL,HURST,Evacuation Warning,Los Angeles
166,US-CA-XLA-LAC-E138,US,CA,XLA,LAC,E138,LAC-E138,HURST,Evacuation Warning,876811740.564453,238106.981602331,,,-118.261978260267,34.3156120276265,166,US-CA-XLA-LAC-E138,US,CA,XLA,LAC,E138,HURST,Evacuation Warning,Los Angeles
167,US-CA-XLA-ARC-1073,US,CA,XLA,ARC,1073,ARC-1073,EATON,Evacuation Warning,10449679.4804688,14912.396381889,,,-118.026871388186,34.1563628930432,167,US-CA-XLA-ARC-1073,US,CA,XLA,ARC,1073,EATON,Evacuation Warning,Los Angeles
168,US-CA-XLA-GLN-E029,US,CA,XLA,GLN,E029,GLN-E029,EATON,Evacuation Order,12791491.9414063,16191.2520436892,,,-118.208118991105,34.1712871897207,168,US-CA-XLA-GLN-E029,US,CA,XLA,GLN,E029,EATON,Evacuation Order,Los Angeles
169,US-CA-XLA-PAS-E018,US,CA,XLA,PAS,E018,PAS-E018,EATON,Evacuation Order,19388388.7714844,23053.6642092774,,,-118.09061647172,34.1638023191389,169,US-CA-XLA-PAS-E018,US,CA,XLA,PAS,E018,EATON,Evacuation Order,Los Angeles
170,US-CA-XLA-PAS-E016,US,CA,XLA,PAS,E016,PAS-E016,EATON,Evacuation Warning,20478912.4189453,24762.5881997788,,,-118.115500451115,34.1551535935628,170,US-CA-XLA-PAS-E016,US,CA,XLA,PAS,E016,EATON,Evacuation Warning,Los Angeles
171,US-CA-XLA-GLN-E003,US,CA,XLA,GLN,E003,GLN-E003,EATON,Evacuation Warning,6890419.28222656,11806.5188999518,,,-118.261677294322,34.2414054029436,171,US-CA-XLA-GLN-E003,US,CA,XLA,GLN,E003,EATON,Evacuation Warning,Los Angeles
172,US-CA-XLA-SIE-E014,US,CA,XLA,SIE,E014,SIE-E014,EATON,Evacuation Order,2630785.22070313,6780.66618544498,,,-118.051613357621,34.1685570923224,172,US-CA-XLA-SIE-E014,US,CA,XLA,SIE,E014,EATON,Evacuation Order,Los Angeles
173,US-CA-XLA-GLN-E030,US,CA,XLA,GLN,E030,GLN-E030,EATON,Evacuation Order,8284345.94628906,16597.4515944844,,,-118.194722053736,34.1755254688327,173,US-CA-XLA-GLN-E030,US,CA,XLA,GLN,E030,EATON,Evacuation Order,Los Angeles
174,US-CA-XLA-LOS-Q0795,US,CA,XLA,LOS,Q0795,LOS-Q0795,SUNSET,Evacuation Order,5247032.13476563,13238.889989782,,,-118.349303353322,34.1051924967674,174,US-CA-XLA-LOS-Q0795,US,CA,XLA,LOS,Q0795,SUNSET,Evacuation Order,Los Angeles
175,US-CA-XLA-LOS-Q1163,US,CA,XLA,LOS,Q1163,LOS-Q1163,PALISADES,Evacuation Warning,29744192.0087891,26770.6750966817,,,-118.478584640989,34.1383755663373,175,US-CA-XLA-LOS-Q1163,US,CA,XLA,LOS,Q1163,PALISADES,Evacuation Warning,Los Angeles
176,US-CA-XLA-GLN-E044,US,CA,XLA,GLN,E044,GLN-E044,EATON,Evacuation Order,39322447.5205078,31868.3511370884,,,-118.198161981798,34.1562339850746,176,US-CA-XLA-GLN-E044,US,CA,XLA,GLN,E044,EATON,Evacuation Order,Los Angeles
177,US-CA-XLA-LOS-Q0842,US,CA,XLA,LOS,Q0842,LOS-Q0842,SUNSET,Evacuation Order,4099892.00976563,11836.673342693,,,-118.339808908863,34.1172535341488,177,US-CA-XLA-LOS-Q0842,US,CA,XLA,LOS,Q0842,SUNSET,Evacuation Order,Los Angeles
178,US-CA-XLA-LOS-Q0841,US,CA,XLA,LOS,Q0841,LOS-Q0841,SUNSET,Evacuation Order,11407691.6757813,17947.9982666054,,,-118.333115616815,34.1068117500061,178,US-CA-XLA-LOS-Q0841,US,CA,XLA,LOS,Q0841,SUNSET,Evacuation Order,Los Angeles
179,US-CA-XLA-LOS-Q1141,US,CA,XLA,LOS,Q1141,LOS-Q1141,SUNSET,Evacuation Warning,6644561.42285156,13604.0361199155,,,-118.373194166885,34.1054922460372,179,US-CA-XLA-LOS-Q1141,US,CA,XLA,LOS,Q1141,SUNSET,Evacuation Warning,Los Angeles
180,US-CA-XLA-LOS-Q0865,US,CA,XLA,LOS,Q0865,LOS-Q0865,SUNSET,Evacuation Warning,7315174.03125,14704.2629370837,,,-118.386567674752,34.1139163711059,180,US-CA-XLA-LOS-Q0865,US,CA,XLA,LOS,Q0865,SUNSET,Evacuation Warning,Los Angeles
181,US-CA-XLA-LOS-Q0816,US,CA,XLA,LOS,Q0816,LOS-Q0816,PALISADES,Evacuation Order,10567125.5478516,16780.4493412748,,,-118.52151932636,34.0374163938328,181,US-CA-XLA-LOS-Q0816,US,CA,XLA,LOS,Q0816,PALISADES,Evacuation Order,Los Angeles
182,US-CA-XLA-LAC-E180,US,CA,XLA,LAC,E180,LAC-E180,EATON,Evacuation Order,15703817.2890625,17310.9997492794,,,-118.105986157271,34.1825622717895,182,US-CA-XLA-LAC-E180,US,CA,XLA,LAC,E180,EATON,Evacuation Order,Los Angeles
183,US-CA-XLA-LOS-Q0781,US,CA,XLA,LOS,Q0781,LOS-Q0781,PALISADES,Evacuation Order,25425842.3212891,30834.199545427,,,-118.486123484947,34.1048793778321,183,US-CA-XLA-LOS-Q0781,US,CA,XLA,LOS,Q0781,PALISADES,Evacuation Order,Los Angeles
184,US-CA-XLA-LOS-Q0818,US,CA,XLA,LOS,Q0818,LOS-Q0818,PALISADES,Evacuation Order,15846984.3642578,21621.9401860144,,,-118.500161794531,34.0503014442928,184,US-CA-XLA-LOS-Q0818,US,CA,XLA,LOS,Q0818,PALISADES,Evacuation Order,Los Angeles
185,US-CA-XLA-SAN-Q1396,US,CA,XLA,SAN,Q1396,SAN-Q1396,PALISADES,Evacuation Order,14635569.2841797,16466.8696255205,,,-118.505867395709,34.0294759070851,185,US-CA-XLA-SAN-Q1396,US,CA,XLA,SAN,Q1396,PALISADES,Evacuation Order,Los Angeles
186,US-CA-XLA-LAC-E173,US,CA,XLA,LAC,E173,LAC-E173,EATON,Evacuation Order,16407251.0439453,18827.6126091756,,,-118.163640428755,34.1916067941956,186,US-CA-XLA-LAC-E173,US,CA,XLA,LAC,E173,EATON,Evacuation Order,Los Angeles
187,US-CA-XLA-LOS-Q0767,US,CA,XLA,LOS,Q0767,LOS-Q0767,PALISADES,Evacuation Order,12054395.2109375,15890.536550592,,,-118.536138897815,34.0428399508653,187,US-CA-XLA-LOS-Q0767,US,CA,XLA,LOS,Q0767,PALISADES,Evacuation Order,Los Angeles
188,US-CA-XLA-PAS-E012,US,CA,XLA,PAS,E012,PAS-E012,EATON,Evacuation Order,10830112.1132813,13659.3558591642,,,-118.136828336724,34.1751371318909,188,US-CA-XLA-PAS-E012,US,CA,XLA,PAS,E012,EATON,Evacuation Order,Los Angeles
189,US-CA-XLA-LOS-Q1084,US,CA,XLA,LOS,Q1084,LOS-Q1084,KENNETH,Evacuation Warning,16454042.3378906,22747.2026670816,,,-118.654515120168,34.212292586154,189,US-CA-XLA-LOS-Q1084,US,CA,XLA,LOS,Q1084,KENNETH,Evacuation Warning,Los Angeles
190,US-CA-XLA-LOS-Q0754,US,CA,XLA,LOS,Q0754,LOS-Q0754,PALISADES,Evacuation Warning,23265376.9589844,21939.8481654878,,,-118.546706606065,34.1482817535146,190,US-CA-XLA-LOS-Q0754,US,CA,XLA,LOS,Q0754,PALISADES,Evacuation Warning,Los Angeles
191,US-CA-XLA-SCL-NORLAND,US,CA,XLA,SCL,NORLAND,SCL-NORLAND,HURST,Evacuation Warning,12245490.1962891,32542.1398990351,,,-118.424753684816,34.4234838679765,191,US-CA-XLA-SCL-NORLAND,US,CA,XLA,SCL,NORLAND,HURST,Evacuation Warning,Los Angeles
192,US-CA-XLA-LOS-Q0719,US,CA,XLA,LOS,Q0719,LOS-Q0719,HURST,Evacuation Warning,21995031.1845703,24601.6829437768,,,-118.4972228141,34.2918707137879,192,US-CA-XLA-LOS-Q0719,US,CA,XLA,LOS,Q0719,HURST,Evacuation Warning,Los Angeles
193,US-CA-XLA-LCF-ALTACANYADA,US,CA,XLA,LCF,ALTACANYADA,LCF-ALTACANYADA,EATON,Evacuation Order,14564248.6181641,23926.5041959417,,,-118.208134554859,34.2213820454275,193,US-CA-XLA-LCF-ALTACANYADA,US,CA,XLA,LCF,ALTACANYADA,EATON,Evacuation Order,Los Angeles
194,US-CA-XLA-DUA-005,US,CA,XLA,DUA,005,DUA-005,EATON,Evacuation Warning,3702484.14648438,8274.22377932532,,,-117.947571240909,34.1474565037122,194,US-CA-XLA-DUA-005,US,CA,XLA,DUA,005,EATON,Evacuation Warning,Los Angeles
195,US-CA-XLA-GLN-E040,US,CA,XLA,GLN,E040,GLN-E040,EATON,Evacuation Order,21981951.0615234,28962.3632347093,,,-118.206096352518,34.1612223353156,195,US-CA-XLA-GLN-E040,US,CA,XLA,GLN,E040,EATON,Evacuation Order,Los Angeles
196,US-CA-XLA-LOS-Q0521,US,CA,XLA,LOS,Q0521,LOS-Q0521,SUNSET,Evacuation Warning,16348043.1650391,22221.2375242959,,,-118.356261602371,34.1288732720409,196,US-CA-XLA-LOS-Q0521,US,CA,XLA,LOS,Q0521,SUNSET,Evacuation Warning,Los Angeles
197,US-CA-XLA-LOS-Q1089,US,CA,XLA,LOS,Q1089,LOS-Q1089,PALISADES,Evacuation Warning,19096122.2753906,23393.3252864427,,,-118.480400870294,34.1516881271248,197,US-CA-XLA-LOS-Q1089,US,CA,XLA,LOS,Q1089,PALISADES,Evacuation Warning,Los Angeles
198,US-CA-XLA-LOS-Q0765,US,CA,XLA,LOS,Q0765,LOS-Q0765,PALISADES,Evacuation Order,17813148.5517578,22016.9086609645,,,-118.501821921234,34.1379013231083,198,US-CA-XLA-LOS-Q0765,US,CA,XLA,LOS,Q0765,PALISADES,Evacuation Order,Los Angeles
199,US-CA-XLA-LCF-HAMPSTEAD,US,CA,XLA,LCF,HAMPSTEAD,LCF-HAMPSTEAD,EATON,Evacuation Order,18193583.7490234,22993.0506538374,,,-118.203454176504,34.1900406996777,199,US-CA-XLA-LCF-HAMPSTEAD,US,CA,XLA,LCF,HAMPSTEAD,EATON,Evacuation Order,Los Angeles
200,US-CA-XLA-PAS-E008,US,CA,XLA,PAS,E008,PAS-E008,EATON,Evacuation Order,19524608.7128906,23339.0646663318,,,-118.156853157829,34.1769716222391,200,US-CA-XLA-PAS-E008,US,CA,XLA,PAS,E008,EATON,Evacuation Order,Los Angeles
201,US-CA-XLA-GLN-E017,US,CA,XLA,GLN,E017,GLN-E017,EATON,Evacuation Warning,10325079.203125,13635.4994408455,,,-118.221915940636,34.1848096783659,201,US-CA-XLA-GLN-E017,US,CA,XLA,GLN,E017,EATON,Evacuation Warning,Los Angeles
202,US-CA-XLA-MTN-U028,US,CA,XLA,MTN,U028,MTN-U028,PALISADES,Evacuation Order,86207394.3916016,57323.2679309654,,,-118.689698260158,34.0887197290207,202,US-CA-XLA-MTN-U028,US,CA,XLA,MTN,U028,PALISADES,Evacuation Order,Los Angeles
203,US-CA-XLA-SAN-Q1605,US,CA,XLA,SAN,Q1605,SAN-Q1605,PALISADES,Evacuation Warning,15486978.1357422,17082.7894914735,,,-118.480772640553,34.0386184520644,203,US-CA-XLA-SAN-Q1605,US,CA,XLA,SAN,Q1605,PALISADES,Evacuation Warning,Los Angeles
204,US-CA-XLA-LAC-E175,US,CA,XLA,LAC,E175,LAC-E175,EATON,Evacuation Order,23206186.8232422,20666.5084900652,,,-118.141170015747,34.1857042707225,204,US-CA-XLA-LAC-E175,US,CA,XLA,LAC,E175,EATON,Evacuation Order,Los Angeles
205,US-CA-XLA-LOS-Q0599,US,CA,XLA,LOS,Q0599,LOS-Q0599,KENNETH,Evacuation Warning,25608837.9736328,20648.9577046383,,,-118.632942298575,34.1937100725916,205,US-CA-XLA-LOS-Q0599,US,CA,XLA,LOS,Q0599,KENNETH,Evacuation Warning,Los Angeles
206,US-CA-XLA-LAC-E177,US,CA,XLA,LAC,E177,LAC-E177,EATON,Evacuation Order,26287680.8378906,20457.3949233527,,,-118.121454478751,34.1846063675189,206,US-CA-XLA-LAC-E177,US,CA,XLA,LAC,E177,EATON,Evacuation Order,Los Angeles
207,US-CA-XLA-LAC-E174,US,CA,XLA,LAC,E174,LAC-E174,EATON,Evacuation Order,14495518.2226563,16419.7494333302,,,-118.153992840363,34.1905746210431,207,US-CA-XLA-LAC-E174,US,CA,XLA,LAC,E174,EATON,Evacuation Order,Los Angeles
208,US-CA-XLA-SIE-E005,US,CA,XLA,SIE,E005,SIE-E005,EATON,Evacuation Order,852071.5234375,4465.138425541,,,-118.049134248836,34.170878113575,208,US-CA-XLA-SIE-E005,US,CA,XLA,SIE,E005,EATON,Evacuation Order,Los Angeles
209,US-CA-XLA-LCF-FOOTHILLEAST,US,CA,XLA,LCF,FOOTHILLEAST,LCF-FOOTHILLEAST,EATON,Evacuation Order,15669351.8085938,20819.6134279262,,,-118.18191314719,34.1977198762647,209,US-CA-XLA-LCF-FOOTHILLEAST,US,CA,XLA,LCF,FOOTHILLEAST,EATON,Evacuation Order,Los Angeles
210,US-CA-XLA-SCL-FAIROAKSRANCH,US,CA,XLA,SCL,FAIROAKSRANCH,SCL-FAIROAKSRANCH,HURST,Evacuation Warning,4756848.34082031,15456.039699548,,,-118.435526615782,34.4032004933373,210,US-CA-XLA-SCL-FAIROAKSRANCH,US,CA,XLA,SCL,FAIROAKSRANCH,HURST,Evacuation Warning,Los Angeles
211,US-CA-XLA-PAS-E003,US,CA,XLA,PAS,E003,PAS-E003,EATON,Evacuation Order,14263622.8349609,27164.9759610215,,,-118.180231817289,34.163019612676,211,US-CA-XLA-PAS-E003,US,CA,XLA,PAS,E003,EATON,Evacuation Order,Los Angeles
212,US-CA-XLA-PAS-E007,US,CA,XLA,PAS,E007,PAS-E007,EATON,Evacuation Warning,40187518.1591797,33934.8576156516,,,-118.16427799624,34.1643763322728,212,US-CA-XLA-PAS-E007,US,CA,XLA,PAS,E007,EATON,Evacuation Warning,Los Angeles
213,US-CA-XLA-LOS-Q0764,US,CA,XLA,LOS,Q0764,LOS-Q0764,PALISADES,Evacuation Warning,20759905.5244141,18934.1437223437,,,-118.500564383365,34.1534782156116,213,US-CA-XLA-LOS-Q0764,US,CA,XLA,LOS,Q0764,PALISADES,Evacuation Warning,Los Angeles
214,US-CA-XLA-AGO-C308,US,CA,XLA,AGO,C308,AGO-C308,KENNETH,Evacuation Warning,26544092.6914063,26219.5677626311,,,-118.740765152301,34.138605749833,214,US-CA-XLA-AGO-C308,US,CA,XLA,AGO,C308,KENNETH,Evacuation Warning,Los Angeles
215,US-CA-XLA-LOS-Q0717,US,CA,XLA,LOS,Q0717,LOS-Q0717,HURST,Evacuation Warning,17584137.4199219,18053.615287824,,,-118.50851190445,34.2908847971529,215,US-CA-XLA-LOS-Q0717,US,CA,XLA,LOS,Q0717,HURST,Evacuation Warning,Los Angeles
216,US-CA-XLA-LCF-DESCANSO,US,CA,XLA,LCF,DESCANSO,LCF-DESCANSO,EATON,Evacuation Order,17900708.5517578,25167.8601794994,,,-118.209357973217,34.2027773667837,216,US-CA-XLA-LCF-DESCANSO,US,CA,XLA,LCF,DESCANSO,EATON,Evacuation Order,Los Angeles
217,US-CA-XLA-LOS-Q0777,US,CA,XLA,LOS,Q0777,LOS-Q0777,PALISADES,Evacuation Order,280246343.264648,115735.623939511,,,-118.522900390673,34.091098892424,217,US-CA-XLA-LOS-Q0777,US,CA,XLA,LOS,Q0777,PALISADES,Evacuation Order,Los Angeles
218,US-CA-XLA-LOS-Q0612,US,CA,XLA,LOS,Q0612,LOS-Q0612,SUNSET,Evacuation Order,18202075.2910156,30954.4726753808,,,-118.367224027185,34.1222508052537,218,US-CA-XLA-LOS-Q0612,US,CA,XLA,LOS,Q0612,SUNSET,Evacuation Order,Los Angeles
219,US-CA-XLA-LAC-E085,US,CA,XLA,LAC,E085,LAC-E085,HURST,Evacuation Order,69754806.4423828,65870.5666456959,,,-118.296910666879,34.4404892040086,219,US-CA-XLA-LAC-E085,US,CA,XLA,LAC,E085,HURST,Evacuation Order,Los Angeles
220,US-CA-XLA-SAN-Q1395,US,CA,XLA,SAN,Q1395,SAN-Q1395,PALISADES,Evacuation Warning,26608296.359375,22000.0380780635,,,-118.496367095986,34.040166073622,220,US-CA-XLA-SAN-Q1395,US,CA,XLA,SAN,Q1395,PALISADES,Evacuation Warning,Los Angeles
221,US-CA-XLA-PAS-E013,US,CA,XLA,PAS,E013,PAS-E013,EATON,Evacuation Warning,16995110.3408203,17956.154833394,,,-118.137032002081,34.160465421232,221,US-CA-XLA-PAS-E013,US,CA,XLA,PAS,E013,EATON,Evacuation Warning,Los Angeles
222,US-CA-XLA-LOS-Q0367,US,CA,XLA,LOS,Q0367,LOS-Q0367,KENNETH,Evacuation Warning,8034992.34472656,11884.3933563836,,,-118.653425759521,34.1741128401014,222,US-CA-XLA-LOS-Q0367,US,CA,XLA,LOS,Q0367,KENNETH,Evacuation Warning,Los Angeles
223,US-CA-XLA-LOS-Q0772,US,CA,XLA,LOS,Q0772,LOS-Q0772,PALISADES,Evacuation Warning,14982018.7792969,25552.1531223642,,,-118.468151508578,34.1393115930897,223,US-CA-XLA-LOS-Q0772,US,CA,XLA,LOS,Q0772,PALISADES,Evacuation Warning,Los Angeles
224,US-CA-XLA-LOS-Q0760,US,CA,XLA,LOS,Q0760,LOS-Q0760,PALISADES,Evacuation Warning,5071691.56445313,12125.6915447359,,,-118.535831703165,34.1439330436158,224,US-CA-XLA-LOS-Q0760,US,CA,XLA,LOS,Q0760,PALISADES,Evacuation Warning,Los Angeles
225,US-CA-XLA-LAC-MONTROSE,US,CA,XLA,LAC,MONTROSE,LAC-MONTROSE,EATON,Evacuation Warning,10312062.6904297,22801.4144194534,,,-118.233278235784,34.2133573502463,225,US-CA-XLA-LAC-MONTROSE,US,CA,XLA,LAC,MONTROSE,EATON,Evacuation Warning,Los Angeles
226,US-CA-XLA-LAC-COMMUNITY,US,CA,XLA,LAC,COMMUNITY,LAC-COMMUNITY,EATON,Evacuation Warning,14559359.5927734,24460.1193628484,,,-118.236806339787,34.219521138868,226,US-CA-XLA-LAC-COMMUNITY,US,CA,XLA,LAC,COMMUNITY,EATON,Evacuation Warning,Los Angeles
227,US-CA-XLA-LAC-ALABAMA,US,CA,XLA,LAC,ALABAMA,LAC-ALABAMA,EATON,Evacuation Warning,13515190.1484375,16779.4318993451,,,-118.241883142096,34.2298298564939,227,US-CA-XLA-LAC-ALABAMA,US,CA,XLA,LAC,ALABAMA,EATON,Evacuation Warning,Los Angeles
228,US-CA-XLA-LOS-Q0815,US,CA,XLA,LOS,Q0815,LOS-Q0815,PALISADES,Evacuation Order,7896530.28320313,12133.8673538301,,,-118.520635109581,34.0464971737256,228,US-CA-XLA-LOS-Q0815,US,CA,XLA,LOS,Q0815,PALISADES,Evacuation Order,Los Angeles
229,US-CA-XLA-SIE-E016,US,CA,XLA,SIE,E016,SIE-E016,EATON,Evacuation Order,3657820.63671875,8655.88219354571,,,-118.064639607759,34.1702439938791,229,US-CA-XLA-SIE-E016,US,CA,XLA,SIE,E016,EATON,Evacuation Order,Los Angeles
230,US-CA-XLA-LOS-Q0751,US,CA,XLA,LOS,Q0751,LOS-Q0751,PALISADES,Evacuation Warning,9131608.96289063,19400.448894472,,,-118.60199068582,34.1454183605505,230,US-CA-XLA-LOS-Q0751,US,CA,XLA,LOS,Q0751,PALISADES,Evacuation Warning,Los Angeles
231,US-CA-XLA-LOS-Q0843,US,CA,XLA,LOS,Q0843,LOS-Q0843,SUNSET,Evacuation Warning,11592550.9375,20505.3948640119,,,-118.330098497292,34.0999163014407,231,US-CA-XLA-LOS-Q0843,US,CA,XLA,LOS,Q0843,SUNSET,Evacuation Warning,Los Angeles
232,US-CA-XLA-LAC-BRIGGSTERRACE,US,CA,XLA,LAC,BRIGGSTERRACE,LAC-BRIGGSTERRACE,EATON,Evacuation Warning,20780750.6230469,19824.2190922953,,,-118.228111419033,34.2443419555263,232,US-CA-XLA-LAC-BRIGGSTERRACE,US,CA,XLA,LAC,BRIGGSTERRACE,EATON,Evacuation Warning,Los Angeles
233,US-CA-XLA-TOP-U009,US,CA,XLA,TOP,U009,TOP-U009,PALISADES,Evacuation Order,79430410.2958984,43857.1754381007,,,-118.5972054672,34.0716564798337,233,US-CA-XLA-TOP-U009,US,CA,XLA,TOP,U009,PALISADES,Evacuation Order,Los Angeles
234,US-CA-XLA-PAS-E022,US,CA,XLA,PAS,E022,PAS-E022,EATON,Evacuation Order,11851652.5488281,14896.3446768992,,,-118.073103780678,34.1679542942315,234,US-CA-XLA-PAS-E022,US,CA,XLA,PAS,E022,EATON,Evacuation Order,Los Angeles
235,US-CA-XLA-LOS-Q0450,US,CA,XLA,LOS,Q0450,LOS-Q0450,HURST,Evacuation Warning,27747256.5859375,27180.2148490195,,,-118.526280555816,34.2884512534597,235,US-CA-XLA-LOS-Q0450,US,CA,XLA,LOS,Q0450,HURST,Evacuation Warning,Los Angeles
236,US-CA-XLA-CSB-U024,US,CA,XLA,CSB,U024,CSB-U024,KENNETH,Evacuation Order,75759598.4619141,48657.3729300426,,,-118.71723013185,34.1529400374862,236,US-CA-XLA-CSB-U024,US,CA,XLA,CSB,U024,KENNETH,Evacuation Order,Los Angeles
237,US-CA-XLA-SIE-E003,US,CA,XLA,SIE,E003,SIE-E003,EATON,Evacuation Order,2347667.78515625,7396.27800816222,,,-118.055633742282,34.1730315718351,237,US-CA-XLA-SIE-E003,US,CA,XLA,SIE,E003,EATON,Evacuation Order,Los Angeles
238,US-CA-XLA-GLN-E004,US,CA,XLA,GLN,E004,GLN-E004,EATON,Evacuation Warning,7145466.42382813,12243.674192568,,,-118.25300865511,34.2358898978931,238,US-CA-XLA-GLN-E004,US,CA,XLA,GLN,E004,EATON,Evacuation Warning,Los Angeles
239,US-CA-XLA-MRV-009,US,CA,XLA,MRV,009,MRV-009,EATON,Evacuation Order,27565541.5332031,22912.7640853356,,,-117.985520337521,34.1663489423006,239,US-CA-XLA-MRV-009,US,CA,XLA,MRV,009,EATON,Evacuation Order,Los Angeles
240,US-CA-XLA-LOS-Q0724,US,CA,XLA,LOS,Q0724,LOS-Q0724,HURST,Evacuation Warning,18452251.7626953,17984.4453869079,,,-118.495622111784,34.2713923666146,240,US-CA-XLA-LOS-Q0724,US,CA,XLA,LOS,Q0724,HURST,Evacuation Warning,Los Angeles
241,US-CA-XLA-GLN-E013,US,CA,XLA,GLN,E013,GLN-E013,EATON,Evacuation Warning,13789188.7451172,17339.4361964851,,,-118.224317285817,34.1987262524946,241,US-CA-XLA-GLN-E013,US,CA,XLA,GLN,E013,EATON,Evacuation Warning,Los Angeles
242,US-CA-XLA-LCF-CROWN,US,CA,XLA,LCF,CROWN,LCF-CROWN,EATON,Evacuation Order,10434268.6904297,21175.2785109149,,,-118.18545926026,34.2090086147063,242,US-CA-XLA-LCF-CROWN,US,CA,XLA,LCF,CROWN,EATON,Evacuation Order,Los Angeles
243,US-CA-XLA-LOS-Q0805,US,CA,XLA,LOS,Q0805,LOS-Q0805,PALISADES,Evacuation Order,7995251.06445313,17246.4356518192,,,-118.5489072221,34.0492156974614,243,US-CA-XLA-LOS-Q0805,US,CA,XLA,LOS,Q0805,PALISADES,Evacuation Order,Los Angeles
245,US-CA-XLA-LOS-Q1110,US,CA,XLA,LOS,Q1110,LOS-Q1110,KENNETH,Evacuation Order,8179230.68457031,13659.3612001824,,,-118.661700651505,34.1880182446836,245,US-CA-XLA-LOS-Q1110,US,CA,XLA,LOS,Q1110,KENNETH,Evacuation Order,Los Angeles
246,US-CA-XLA-LOS-Q0407,US,CA,XLA,LOS,Q0407,LOS-Q0407,PALISADES,Evacuation Warning,9675332.4140625,13636.5743735783,,,-118.473238508202,34.058600935267,246,US-CA-XLA-LOS-Q0407,US,CA,XLA,LOS,Q0407,PALISADES,Evacuation Warning,Los Angeles
247,US-CA-XLA-LOS-Q0819,US,CA,XLA,LOS,Q0819,LOS-Q0819,PALISADES,Evacuation Order,21171187.4560547,38204.0833717219,,,-118.500851805396,34.0598411872613,247,US-CA-XLA-LOS-Q0819,US,CA,XLA,LOS,Q0819,PALISADES,Evacuation Order,Los Angeles
248,US-CA-XLA-LCF-HILLARD,US,CA,XLA,LCF,HILLARD,LCF-HILLARD,EATON,Evacuation Order,9915570.11132813,19027.7028645614,,,-118.214734043028,34.2200433247948,248,US-CA-XLA-LCF-HILLARD,US,CA,XLA,LCF,HILLARD,EATON,Evacuation Order,Los Angeles
249,US-CA-XLA-GLN-E001,US,CA,XLA,GLN,E001,GLN-E001,EATON,Evacuation Warning,42868782.7050781,31387.6718849934,,,-118.247607021471,34.2564451192193,249,US-CA-XLA-GLN-E001,US,CA,XLA,GLN,E001,EATON,Evacuation Warning,Los Angeles
250,US-CA-XLA-CAL-C411,US,CA,XLA,CAL,C411,CAL-C411,PALISADES,Evacuation Warning,10194715.8251953,17278.9828555078,,,-118.646964103444,34.1336636332655,250,US-CA-XLA-CAL-C411,US,CA,XLA,CAL,C411,PALISADES,Evacuation Warning,Los Angeles
251,US-CA-XLA-SIE-E009,US,CA,XLA,SIE,E009,SIE-E009,EATON,Evacuation Order,841666.145507813,4716.79396171255,,,-118.041773965227,34.1716187667145,251,US-CA-XLA-SIE-E009,US,CA,XLA,SIE,E009,EATON,Evacuation Order,Los Angeles
252,US-CA-XLA-CAL-C409,US,CA,XLA,CAL,C409,CAL-C409,PALISADES,Evacuation Warning,31119900.7353516,26612.4124165914,,,-118.65770822293,34.1431679919103,252,US-CA-XLA-CAL-C409,US,CA,XLA,CAL,C409,PALISADES,Evacuation Warning,Los Angeles
253,US-CA-XLA-CAL-C413,US,CA,XLA,CAL,C413,CAL-C413,PALISADES,Evacuation Warning,31027904.3408203,27087.4087042845,,,-118.630292077551,34.1318597876134,253,US-CA-XLA-CAL-C413,US,CA,XLA,CAL,C413,PALISADES,Evacuation Warning,Los Angeles
254,US-CA-XLA-PAS-E006,US,CA,XLA,PAS,E006,PAS-E006,EATON,Evacuation Order,12566544.7070313,18033.7242735013,,,-118.173497991894,34.1908121466724,254,US-CA-XLA-PAS-E006,US,CA,XLA,PAS,E006,EATON,Evacuation Order,Los Angeles
255,US-CA-XLA-ARC-1074,US,CA,XLA,ARC,1074,ARC-1074,EATON,Evacuation Order,6886452.81640625,10927.1969274701,,,-118.035185976486,34.1621231833046,255,US-CA-XLA-ARC-1074,US,CA,XLA,ARC,1074,EATON,Evacuation Order,Los Angeles
256,US-CA-XLA-LCF-STARLIGHT,US,CA,XLA,LCF,STARLIGHT,LCF-STARLIGHT,EATON,Evacuation Order,13306058.6474609,24618.7362680553,,,-118.187484047566,34.2160066586918,256,US-CA-XLA-LCF-STARLIGHT,US,CA,XLA,LCF,STARLIGHT,EATON,Evacuation Order,Los Angeles
257,US-CA-XLA-GLN-E043,US,CA,XLA,GLN,E043,GLN-E043,EATON,Evacuation Order,9125066.19433594,13963.3370150311,,,-118.217782462287,34.1521045606584,257,US-CA-XLA-GLN-E043,US,CA,XLA,GLN,E043,EATON,Evacuation Order,Los Angeles
258,US-CA-XLA-LOS-Q0709,US,CA,XLA,LOS,Q0709,LOS-Q0709,HURST,Evacuation Warning,73133415.9501953,41821.3705182737,,,-118.485611395325,34.3000741123514,258,US-CA-XLA-LOS-Q0709,US,CA,XLA,LOS,Q0709,HURST,Evacuation Warning,Los Angeles
259,US-CA-XLA-MTV-U025,US,CA,XLA,MTV,U025,MTV-U025,KENNETH,Evacuation Order,35669478.8837891,25822.7760856727,,,-118.684045146968,34.1591874790133,259,US-CA-XLA-MTV-U025,US,CA,XLA,MTV,U025,KENNETH,Evacuation Order,Los Angeles
260,US-CA-XLA-SIE-E015,US,CA,XLA,SIE,E015,SIE-E015,EATON,Evacuation Order,2616823.94433594,6608.3876297744,,,-118.058082809126,34.1691294517562,260,US-CA-XLA-SIE-E015,US,CA,XLA,SIE,E015,EATON,Evacuation Order,Los Angeles
261,US-CA-XLA-LOS-Q1120,US,CA,XLA,LOS,Q1120,LOS-Q1120,SUNSET,Evacuation Order,6053083.17871094,12255.096113963,,,-118.355682407452,34.1084059255607,261,US-CA-XLA-LOS-Q1120,US,CA,XLA,LOS,Q1120,SUNSET,Evacuation Order,Los Angeles
262,US-CA-XLA-LAC-E179,US,CA,XLA,LAC,E179,LAC-E179,EATON,Evacuation Order,10410916.6582031,14499.9865605766,,,-118.105457292922,34.173864222606,262,US-CA-XLA-LAC-E179,US,CA,XLA,LAC,E179,EATON,Evacuation Order,Los Angeles
263,US-CA-XLA-GLN-E027,US,CA,XLA,GLN,E027,GLN-E027,EATON,Evacuation Order,11832920.9580078,16046.1184167132,,,-118.218745787873,34.1717885828956,263,US-CA-XLA-GLN-E027,US,CA,XLA,GLN,E027,EATON,Evacuation Order,Los Angeles
264,US-CA-XLA-SAN-Q1389,US,CA,XLA,SAN,Q1389,SAN-Q1389,PALISADES,Evacuation Warning,10705555.1494141,13266.7258949457,,,-118.500342524591,34.0227554740352,264,US-CA-XLA-SAN-Q1389,US,CA,XLA,SAN,Q1389,PALISADES,Evacuation Warning,Los Angeles
265,US-CA-XLA-PAS-E019,US,CA,XLA,PAS,E019,PAS-E019,EATON,Evacuation Order,17747160.6269531,20464.9669297298,,,-118.081043019871,34.1720940825552,265,US-CA-XLA-PAS-E019,US,CA,XLA,PAS,E019,EATON,Evacuation Order,Los Angeles
266,US-CA-XLA-LOS-Q0405,US,CA,XLA,LOS,Q0405,LOS-Q0405,PALISADES,Evacuation Warning,15059895.5517578,20379.0519312004,,,-118.479207216737,34.0466731164011,266,US-CA-XLA-LOS-Q0405,US,CA,XLA,LOS,Q0405,PALISADES,Evacuation Warning,Los Angeles
267,US-CA-XLA-LCF-CREST,US,CA,XLA,LCF,CREST,LCF-CREST,EATON,Evacuation Order,28959679.4853516,28827.9803627913,,,-118.198993250712,34.2248732235216,267,US-CA-XLA-LCF-CREST,US,CA,XLA,LCF,CREST,EATON,Evacuation Order,Los Angeles
268,US-CA-XLA-MRV-001,US,CA,XLA,MRV,001,MRV-001,EATON,Evacuation Order,18479059.4492188,24765.5477823928,,,-118.017809352644,34.1669752027991,268,US-CA-XLA-MRV-001,US,CA,XLA,MRV,001,EATON,Evacuation Order,Los Angeles
269,US-CA-XLA-LCF-PARADISE,US,CA,XLA,LCF,PARADISE,LCF-PARADISE,EATON,Evacuation Order,27372645.6318359,31532.8974488637,,,-118.217521518198,34.2319369187494,269,US-CA-XLA-LCF-PARADISE,US,CA,XLA,LCF,PARADISE,EATON,Evacuation Order,Los Angeles
270,US-CA-XLA-PAS-E002,US,CA,XLA,PAS,E002,PAS-E002,EATON,Evacuation Order,13403855.9189453,18672.3553670904,,,-118.182201127423,34.1766233638804,270,US-CA-XLA-PAS-E002,US,CA,XLA,PAS,E002,EATON,Evacuation Order,Los Angeles
271,US-CA-XLA-LOS-Q0844,US,CA,XLA,LOS,Q0844,LOS-Q0844,SUNSET,Evacuation Warning,14318926.7128906,19576.3304034512,,,-118.35402535283,34.0980180885807,271,US-CA-XLA-LOS-Q0844,US,CA,XLA,LOS,Q0844,SUNSET,Evacuation Warning,Los Angeles
272,US-CA-XLA-GLN-E006,US,CA,XLA,GLN,E006,GLN-E006,EATON,Evacuation Warning,6093630.32128906,11196.0096327212,,,-118.253068150392,34.2290940154004,272,US-CA-XLA-GLN-E006,US,CA,XLA,GLN,E006,EATON,Evacuation Warning,Los Angeles
273,US-CA-XLA-WTH-U031,US,CA,XLA,WTH,U031,WTH-U031,KENNETH,Evacuation Order,6123523.73828125,11565.6511290446,,,-118.662520726122,34.1927789261051,273,US-CA-XLA-WTH-U031,US,CA,XLA,WTH,U031,KENNETH,Evacuation Order,Los Angeles
274,US-CA-XLA-LOS-Q0863,US,CA,XLA,LOS,Q0863,LOS-Q0863,SUNSET,Evacuation Warning,6259874.02246094,16357.741830572,,,-118.384160768466,34.1102778471104,274,US-CA-XLA-LOS-Q0863,US,CA,XLA,LOS,Q0863,SUNSET,Evacuation Warning,Los Angeles
275,US-CA-XLA-TOP-U004,US,CA,XLA,TOP,U004,TOP-U004,PALISADES,Evacuation Order,57030178.1337891,32334.4694455805,,,-118.580224424826,34.1220848314745,275,US-CA-XLA-TOP-U004,US,CA,XLA,TOP,U004,PALISADES,Evacuation Order,Los Angeles
276,US-CA-XLA-LAC-E154,US,CA,XLA,LAC,E154,LAC-E154,EATON,Evacuation Order,9525442.37402344,20111.133113825,,,-118.16455666388,34.2020561872345,276,US-CA-XLA-LAC-E154,US,CA,XLA,LAC,E154,EATON,Evacuation Order,Los Angeles
277,US-CA-XLA-PAS-E014,US,CA,XLA,PAS,E014,PAS-E014,EATON,Evacuation Order,24384527.5771484,21553.5938721593,,,-118.126893272529,34.1681138442906,277,US-CA-XLA-PAS-E014,US,CA,XLA,PAS,E014,EATON,Evacuation Order,Los Angeles
278,US-CA-XLA-SIE-E013,US,CA,XLA,SIE,E013,SIE-E013,EATON,Evacuation Order,1596898.10058594,7168.01872534641,,,-118.043093007187,34.1687248093531,278,US-CA-XLA-SIE-E013,US,CA,XLA,SIE,E013,EATON,Evacuation Order,Los Angeles
279,US-CA-XLA-CAL-C414,US,CA,XLA,CAL,C414,CAL-C414,PALISADES,Evacuation Warning,15159388.4814453,17616.543345509,,,-118.622879098109,34.1428870854727,279,US-CA-XLA-CAL-C414,US,CA,XLA,CAL,C414,PALISADES,Evacuation Warning,Los Angeles
280,US-CA-XLA-CAL-C406,US,CA,XLA,CAL,C406,CAL-C406,KENNETH,Evacuation Warning,56129268.7470703,31895.8775289976,,,-118.679689758122,34.1379565738029,280,US-CA-XLA-CAL-C406,US,CA,XLA,CAL,C406,KENNETH,Evacuation Warning,Los Angeles
281,US-CA-XLA-CAL-C415,US,CA,XLA,CAL,C415,CAL-C415,PALISADES,Evacuation Warning,23748212.7431641,24940.4324090286,,,-118.613119327146,34.1367478983297,281,US-CA-XLA-CAL-C415,US,CA,XLA,CAL,C415,PALISADES,Evacuation Warning,Los Angeles
282,US-CA-XLA-SIE-E002,US,CA,XLA,SIE,E002,SIE-E002,EATON,Evacuation Order,1716083.72167969,5613.17747606035,,,-118.059173925051,34.173238993824,282,US-CA-XLA-SIE-E002,US,CA,XLA,SIE,E002,EATON,Evacuation Order,Los Angeles
283,US-CA-XLA-LOS-Q1115,US,CA,XLA,LOS,Q1115,LOS-Q1115,PALISADES,Evacuation Warning,42161836.4316406,45169.4900573499,,,-118.57704829243,34.1445349889802,283,US-CA-XLA-LOS-Q1115,US,CA,XLA,LOS,Q1115,PALISADES,Evacuation Warning,Los Angeles
284,US-CA-XLA-LOS-Q0613,US,CA,XLA,LOS,Q0613,LOS-Q0613,SUNSET,Evacuation Order,18090163.3261719,22643.2647559721,,,-118.366994419738,34.1105810285691,284,US-CA-XLA-LOS-Q0613,US,CA,XLA,LOS,Q0613,SUNSET,Evacuation Order,Los Angeles
285,US-CA-XLA-LOS-Q0803,US,CA,XLA,LOS,Q0803,LOS-Q0803,PALISADES,Evacuation Order,6884136.60546875,13991.9221032573,,,-118.554710650251,34.0475228237494,285,US-CA-XLA-LOS-Q0803,US,CA,XLA,LOS,Q0803,PALISADES,Evacuation Order,Los Angeles
286,US-CA-XLA-GLN-E039,US,CA,XLA,GLN,E039,GLN-E039,EATON,Evacuation Order,6626115.13183594,17981.3527013487,,,-118.219136776417,34.1605085098877,286,US-CA-XLA-GLN-E039,US,CA,XLA,GLN,E039,EATON,Evacuation Order,Los Angeles
287,US-CA-XLA-GLN-E028,US,CA,XLA,GLN,E028,GLN-E028,EATON,Evacuation Order,5363568.98828125,12290.5116752814,,,-118.215786887949,34.1644653215843,287,US-CA-XLA-GLN-E028,US,CA,XLA,GLN,E028,EATON,Evacuation Order,Los Angeles
288,US-CA-XLA-GLN-E018,US,CA,XLA,GLN,E018,GLN-E018,EATON,Evacuation Order,32479029.7958984,34193.4635880082,,,-118.213304633892,34.1902100299798,288,US-CA-XLA-GLN-E018,US,CA,XLA,GLN,E018,EATON,Evacuation Order,Los Angeles
289,US-CA-XLA-LOS-Q1083,US,CA,XLA,LOS,Q1083,LOS-Q1083,KENNETH,Evacuation Warning,14062297.0595703,15575.8738567781,,,-118.650359366676,34.2013971147497,289,US-CA-XLA-LOS-Q1083,US,CA,XLA,LOS,Q1083,KENNETH,Evacuation Warning,Los Angeles
290,US-CA-XLA-LAC-E155,US,CA,XLA,LAC,E155,LAC-E155,EATON,Evacuation Order,7818762.92773438,16746.6335000488,,,-118.163351459504,34.2119887148229,290,US-CA-XLA-LAC-E155,US,CA,XLA,LAC,E155,EATON,Evacuation Order,Los Angeles
291,US-CA-XLA-GLN-E026,US,CA,XLA,GLN,E026,GLN-E026,EATON,Evacuation Warning,8483428.31640625,15562.3388511687,,,-118.224465610792,34.1722920811219,291,US-CA-XLA-GLN-E026,US,CA,XLA,GLN,E026,EATON,Evacuation Warning,Los Angeles
292,US-CA-XLA-LOS-Q0520,US,CA,XLA,LOS,Q0520,LOS-Q0520,SUNSET,Evacuation Warning,7711230.9453125,18800.2174202596,,,-118.348257155757,34.1208175033885,292,US-CA-XLA-LOS-Q0520,US,CA,XLA,LOS,Q0520,SUNSET,Evacuation Warning,Los Angeles
293,US-CA-XLA-LOS-Q0779,US,CA,XLA,LOS,Q0779,LOS-Q0779,PALISADES,Evacuation Order,30263358.2773438,31732.9025700391,,,-118.474847855696,34.0743527609197,293,US-CA-XLA-LOS-Q0779,US,CA,XLA,LOS,Q0779,PALISADES,Evacuation Order,Los Angeles
294,US-CA-XLA-LOS-Q0797,US,CA,XLA,LOS,Q0797,LOS-Q0797,SUNSET,Evacuation Order,8666938.63769531,29067.6383046659,,,-118.355597644465,34.1175779476375,294,US-CA-XLA-LOS-Q0797,US,CA,XLA,LOS,Q0797,SUNSET,Evacuation Order,Los Angeles
295,US-CA-XLA-LAC-E182,US,CA,XLA,LAC,E182,LAC-E182,EATON,Evacuation Order,30838189.5136719,29643.7923209081,,,-118.088042102965,34.1835183090639,295,US-CA-XLA-LAC-E182,US,CA,XLA,LAC,E182,EATON,Evacuation Order,Los Angeles
296,US-CA-XLA-LOS-Q1123,US,CA,XLA,LOS,Q1123,LOS-Q1123,PALISADES,Evacuation Order,8166390.37304688,22160.3063188132,,,-118.514742471763,34.0492187341747,296,US-CA-XLA-LOS-Q1123,US,CA,XLA,LOS,Q1123,PALISADES,Evacuation Order,Los Angeles
297,US-CA-XLA-LOS-Q0800,US,CA,XLA,LOS,Q0800,LOS-Q0800,PALISADES,Evacuation Warning,36709724.7714844,29796.4383112729,,,-118.467768964743,34.0862519125361,297,US-CA-XLA-LOS-Q0800,US,CA,XLA,LOS,Q0800,PALISADES,Evacuation Warning,Los Angeles
298,US-CA-XLA-LAC-E156,US,CA,XLA,LAC,E156,LAC-E156,EATON,Evacuation Order,11999841.6738281,15099.8161818882,,,-118.157790410101,34.2082814182926,298,US-CA-XLA-LAC-E156,US,CA,XLA,LAC,E156,EATON,Evacuation Order,Los Angeles
299,US-CA-XLA-SIE-E006,US,CA,XLA,SIE,E006,SIE-E006,EATON,Evacuation Order,1004673.61914063,5190.67324376357,,,-118.046470734188,34.1697413129871,299,US-CA-XLA-SIE-E006,US,CA,XLA,SIE,E006,EATON,Evacuation Order,Los Angeles
300,US-CA-XLA-PAS-E004,US,CA,XLA,PAS,E004,PAS-E004,EATON,Evacuation Warning,25738335.9951172,26832.4631080113,,,-118.174352409243,34.1511527080459,300,US-CA-XLA-PAS-E004,US,CA,XLA,PAS,E004,EATON,Evacuation Warning,Los Angeles
301,US-CA-XLA-CAL-C403,US,CA,XLA,CAL,C403,CAL-C403,KENNETH,Evacuation Order,4725621.24804688,11724.7987400394,,,-118.713145599436,34.1429166170582,301,US-CA-XLA-CAL-C403,US,CA,XLA,CAL,C403,KENNETH,Evacuation Order,Los Angeles
302,US-CA-XLA-MAL-C112,US,CA,XLA,MAL,C112,MAL-C112,PALISADES,Evacuation Warning,79718949.5957031,64285.8243644697,,,-118.687320844619,34.0385646651613,302,US-CA-XLA-MAL-C112,US,CA,XLA,MAL,C112,PALISADES,Evacuation Warning,Los Angeles
303,US-CA-XLA-BEV-Q0861,US,CA,XLA,BEV,Q0861,BEV-Q0861,SUNSET,Evacuation Warning,34542456.9658203,39670.7619509643,,,-118.397647753629,34.097030003806,303,US-CA-XLA-BEV-Q0861,US,CA,XLA,BEV,Q0861,SUNSET,Evacuation Warning,Los Angeles
304,US-CA-XLA-SCL-CALGROVE,US,CA,XLA,SCL,CALGROVE,SCL-CALGROVE,HURST,Evacuation Warning,26841223.4316406,24926.4176524748,,,-118.546944397588,34.3597008650862,304,US-CA-XLA-SCL-CALGROVE,US,CA,XLA,SCL,CALGROVE,HURST,Evacuation Warning,Los Angeles
305,US-CA-XLA-MRV-006,US,CA,XLA,MRV,006,MRV-006,EATON,Evacuation Order,1580058.88671875,7027.63473032176,,,-117.998022659477,34.1659495139853,305,US-CA-XLA-MRV-006,US,CA,XLA,MRV,006,EATON,Evacuation Order,Los Angeles
306,US-CA-XLA-LAC-E078,US,CA,XLA,LAC,E078,LAC-E078,HURST,Evacuation Warning,26624400.6025391,53652.6976378821,,,-118.369743070256,34.4326921003258,306,US-CA-XLA-LAC-E078,US,CA,XLA,LAC,E078,HURST,Evacuation Warning,Los Angeles
307,US-CA-XLA-LOS-Q0782,US,CA,XLA,LOS,Q0782,LOS-Q0782,PALISADES,Evacuation Order,71489646.6865234,103712.708674857,,,-118.497118663568,34.1026271416888,307,US-CA-XLA-LOS-Q0782,US,CA,XLA,LOS,Q0782,PALISADES,Evacuation Order,Los Angeles
308,US-CA-XLA-AGO-C309,US,CA,XLA,AGO,C309,AGO-C309,PALISADES,Evacuation Warning,15118635.2177734,20074.9297282574,,,-118.721964479596,34.1318160022066,308,US-CA-XLA-AGO-C309,US,CA,XLA,AGO,C309,PALISADES,Evacuation Warning,Los Angeles
309,US-CA-XLA-BRA-E003B-B,US,CA,XLA,BRA,E003B,BRA-E003B,EATON,Evacuation Warning,8394543.17773438,12046.5353902286,,,-117.956154492228,34.1474564963354,309,US-CA-XLA-BRA-E003B-B,US,CA,XLA,BRA,E003B,EATON,Evacuation Warning,Los Angeles
310,US-CA-XLA-CAL-C405,US,CA,XLA,CAL,C405,CAL-C405,PALISADES,Evacuation Warning,69829401.6914063,45358.9327569636,,,-118.698464525985,34.1276411433916,310,US-CA-XLA-CAL-C405,US,CA,XLA,CAL,C405,PALISADES,Evacuation Warning,Los Angeles
311,US-CA-XLA-AGO-C303,US,CA,XLA,AGO,C303,AGO-C303,KENNETH,Evacuation Warning,17413100.6396484,17803.1197474753,,,-118.751286921288,34.1605055382959,311,US-CA-XLA-AGO-C303,US,CA,XLA,AGO,C303,KENNETH,Evacuation Warning,Los Angeles
312,US-CA-XLA-PAS-E017,US,CA,XLA,PAS,E017,PAS-E017,EATON,Evacuation Warning,17796444.3085938,16947.566765717,,,-118.105736380145,34.1637352021579,312,US-CA-XLA-PAS-E017,US,CA,XLA,PAS,E017,EATON,Evacuation Warning,Los Angeles
313,US-CA-XLA-LOS-Q1058,US,CA,XLA,LOS,Q1058,LOS-Q1058,PALISADES,Evacuation Order,5419143.79785156,12148.4059670543,,,-118.561754165698,34.0728860113565,313,US-CA-XLA-LOS-Q1058,US,CA,XLA,LOS,Q1058,PALISADES,Evacuation Order,Los Angeles
314,US-CA-XLA-CAL-C404,US,CA,XLA,CAL,C404,CAL-C404,PALISADES,Evacuation Warning,16155365.1923828,20960.12257616,,,-118.713569317842,34.1330171392631,314,US-CA-XLA-CAL-C404,US,CA,XLA,CAL,C404,PALISADES,Evacuation Warning,Los Angeles
315,US-CA-XLA-LOS-Q0817,US,CA,XLA,LOS,Q0817,LOS-Q0817,PALISADES,Evacuation Order,5302316.82910156,35185.9461425592,,,-118.531835922391,34.0333524968785,315,US-CA-XLA-LOS-Q0817,US,CA,XLA,LOS,Q0817,PALISADES,Evacuation Order,Los Angeles
316,US-CA-XLA-TOP-U001-A,US,CA,XLA,TOP,U001,TOP-U001,PALISADES,Evacuation Order,33819469.21875,26376.4161139432,,,-118.595834391425,34.1380458615553,316,US-CA-XLA-TOP-U001-A,US,CA,XLA,TOP,U001,PALISADES,Evacuation Order,Los Angeles
317,US-CA-XLA-LOS-Q0801,US,CA,XLA,LOS,Q0801,LOS-Q0801,PALISADES,Evacuation Order,20295466.9023438,20648.6673821435,,,-118.535798985065,34.0566401075519,317,US-CA-XLA-LOS-Q0801,US,CA,XLA,LOS,Q0801,PALISADES,Evacuation Order,Los Angeles
318,US-CA-XLA-PAS-E005,US,CA,XLA,PAS,E005,PAS-E005,EATON,Evacuation Warning,15612412.8544922,31704.9282450949,,,-118.17298583745,34.1646306107553,318,US-CA-XLA-PAS-E005,US,CA,XLA,PAS,E005,EATON,Evacuation Warning,Los Angeles
319,US-CA-XLA-LOS-Q1118,US,CA,XLA,LOS,Q1118,LOS-Q1118,PALISADES,Evacuation Order,23960444.8857422,27176.0950362434,,,-118.490739797381,34.1404437134174,319,US-CA-XLA-LOS-Q1118,US,CA,XLA,LOS,Q1118,PALISADES,Evacuation Order,Los Angeles
320,US-CA-XLA-PAS-E001,US,CA,XLA,PAS,E001,PAS-E001,EATON,Evacuation Order,4698245.09375,12592.1932930977,,,-118.185159386645,34.1683742714461,320,US-CA-XLA-PAS-E001,US,CA,XLA,PAS,E001,EATON,Evacuation Order,Los Angeles
321,US-CA-XLA-LCF-CIVICCENTER,US,CA,XLA,LCF,CIVICCENTER,LCF-CIVICCENTER,EATON,Evacuation Order,8599047.57519531,12721.7158892059,,,-118.197332984118,34.2005500491853,321,US-CA-XLA-LCF-CIVICCENTER,US,CA,XLA,LCF,CIVICCENTER,EATON,Evacuation Order,Los Angeles
322,US-CA-XLA-LOS-E001,US,CA,XLA,LOS,E001,LOS-E001,HURST,Evacuation Order,33309823.59375,27700.7065421952,,,-118.48926219875,34.3280070364626,322,US-CA-XLA-LOS-E001,US,CA,XLA,LOS,E001,HURST,Evacuation Order,Los Angeles
323,US-CA-XLA-LOS-Q0802,US,CA,XLA,LOS,Q0802,LOS-Q0802,PALISADES,Evacuation Order,6487693.11914063,10603.1838456073,,,-118.549571626457,34.0752186100947,323,US-CA-XLA-LOS-Q0802,US,CA,XLA,LOS,Q0802,PALISADES,Evacuation Order,Los Angeles
324,US-CA-XLA-SIE-E011,US,CA,XLA,SIE,E011,SIE-E011,EATON,Evacuation Order,2676177.67480469,8157.1388852442,,,-118.03216944982,34.1694703683498,324,US-CA-XLA-SIE-E011,US,CA,XLA,SIE,E011,EATON,Evacuation Order,Los Angeles
325,US-CA-XLA-LAC-E181,US,CA,XLA,LAC,E181,LAC-E181,EATON,Evacuation Order,10116027.1914063,19856.2447537937,,,-118.096896148221,34.1819147139226,325,US-CA-XLA-LAC-E181,US,CA,XLA,LAC,E181,EATON,Evacuation Order,Los Angeles
326,US-CA-XLA-CAS-CASTAICLAKE,US,CA,XLA,CAS,CASTAICLAKE,CAS-CASTAICLAKE,HUGHES,Evacuation Order,874071401.558594,153082.138948189,,,-118.600863371327,34.5658579131507,326,US-CA-XLA-CAS-CASTAICLAKE,US,CA,XLA,CAS,CASTAICLAKE,HUGHES,Evacuation Order,Los Angeles
327,US-CA-XLA-CAS-LIVEOAK,US,CA,XLA,CAS,LIVEOAK,CAS-LIVEOAK,HUGHES,Evacuation Warning,26489721.9658203,21132.5930880732,,,-118.617900876434,34.4456445837146,327,US-CA-XLA-CAS-LIVEOAK,US,CA,XLA,CAS,LIVEOAK,HUGHES,Evacuation Warning,Los Angeles
328,US-CA-XLA-LAC-E011-A,US,CA,XLA,LAC,E011-A,LAC-E011-A,HUGHES,Evacuation Warning,101337393.970703,61669.9867040103,,,-118.446479787157,34.6610639751539,328,US-CA-XLA-LAC-E011-A,US,CA,XLA,LAC,E011-A,HUGHES,Evacuation Warning,Los Angeles
329,US-CA-XLA-CAS-VALVERDE,US,CA,XLA,CAS,VALVERDE,CAS-VALVERDE,HUGHES,Evacuation Warning,333753193.620117,100377.47194936,,,-118.673696372973,34.4343628042943,329,US-CA-XLA-CAS-VALVERDE,US,CA,XLA,CAS,VALVERDE,HUGHES,Evacuation Warning,Los Angeles
330,US-CA-XLA-CAS-BITTERCANYON,US,CA,XLA,CAS,BITTERCANYON,CAS-BITTERCANYON,HUGHES,Evacuation Order,298129312.442383,115357.182273793,,,-118.54616410774,34.5342826302027,330,US-CA-XLA-CAS-BITTERCANYON,US,CA,XLA,CAS,BITTERCANYON,HUGHES,Evacuation Order,Los Angeles
331,US-CA-XLA-LAC-E016,US,CA,XLA,LAC,E016,LAC-E016,HUGHES,Evacuation Order,799444575.733398,183168.018183689,,,-118.523905706001,34.6012747748816,331,US-CA-XLA-LAC-E016,US,CA,XLA,LAC,E016,HUGHES,Evacuation Order,Los Angeles
332,US-CA-XLA-CAS-RIDGE,US,CA,XLA,CAS,RIDGE,CAS-RIDGE,HUGHES,Evacuation Order,271654619.558594,99279.5760944073,,,-118.636294247242,34.5299140877667,332,US-CA-XLA-CAS-RIDGE,US,CA,XLA,CAS,RIDGE,HUGHES,Evacuation Order,Los Angeles
333,US-CA-XLA-SCL-REYESADOBE,US,CA,XLA,SCL,REYESADOBE,SCL-REYESADOBE,HUGHES,Evacuation Order,59574701.0527344,44240.0845526141,,,-118.564356872883,34.4834956100139,333,US-CA-XLA-SCL-REYESADOBE,US,CA,XLA,SCL,REYESADOBE,HUGHES,Evacuation Order,Los Angeles
334,US-CA-XLA-SCL-KELLYJOHNSON,US,CA,XLA,SCL,KELLYJOHNSON,SCL-KELLYJOHNSON,HUGHES,Evacuation Order,17736448.2880859,19583.9931704713,,,-118.578863792894,34.4522746524749,334,US-CA-XLA-SCL-KELLYJOHNSON,US,CA,XLA,SCL,KELLYJOHNSON,HUGHES,Evacuation Order,Los Angeles
335,US-CA-XLA-SCL-BLACKPINE,US,CA,XLA,SCL,BLACKPINE,SCL-BLACKPINE,HUGHES,Evacuation Warning,18379782.1132813,18670.2529846443,,,-118.531310044973,34.4749237684182,335,US-CA-XLA-SCL-BLACKPINE,US,CA,XLA,SCL,BLACKPINE,HUGHES,Evacuation Warning,Los Angeles
336,US-CA-XLA-CAS-INDUSTRY,US,CA,XLA,CAS,INDUSTRY,CAS-INDUSTRY,HUGHES,Evacuation Warning,65338150.1611328,41682.0125975971,,,-118.631477432262,34.4380951839977,336,US-CA-XLA-CAS-INDUSTRY,US,CA,XLA,CAS,INDUSTRY,HUGHES,Evacuation Warning,Los Angeles
337,US-CA-XLA-SCL-WESTHILLS,US,CA,XLA,SCL,WESTHILLS,SCL-WESTHILLS,HUGHES,Evacuation Warning,14480586.203125,18289.7738233889,,,-118.571107933447,34.4560327957302,337,US-CA-XLA-SCL-WESTHILLS,US,CA,XLA,SCL,WESTHILLS,HUGHES,Evacuation Warning,Los Angeles
338,US-CA-XLA-SCL-MOUNTAINVIEW,US,CA,XLA,SCL,MOUNTAINVIEW,SCL-MOUNTAINVIEW,HUGHES,Evacuation Warning,16814123.1542969,20545.9594253537,,,-118.529019562774,34.4636934987072,338,US-CA-XLA-SCL-MOUNTAINVIEW,US,CA,XLA,SCL,MOUNTAINVIEW,HUGHES,Evacuation Warning,Los Angeles
339,US-CA-XLA-SCL-RIONORTE,US,CA,XLA,SCL,RIONORTE,SCL-RIONORTE,HUGHES,Evacuation Warning,12823188.4316406,14885.1093021511,,,-118.561195415353,34.4567088040568,339,US-CA-XLA-SCL-RIONORTE,US,CA,XLA,SCL,RIONORTE,HUGHES,Evacuation Warning,Los Angeles
340,US-CA-XLA-SCL-CALEX,US,CA,XLA,SCL,CALEX,SCL-CALEX,HUGHES,Evacuation Warning,6413449.46582031,13265.3406351495,,,-118.547734968817,34.464029195297,340,US-CA-XLA-SCL-CALEX,US,CA,XLA,SCL,CALEX,HUGHES,Evacuation Warning,Los Angeles
341,US-CA-XLA-SCL-RYE,US,CA,XLA,SCL,RYE,SCL-RYE,HUGHES,Evacuation Warning,71266787.4355469,44625.7641719568,,,-118.578593850053,34.4345275019648,341,US-CA-XLA-SCL-RYE,US,CA,XLA,SCL,RYE,HUGHES,Evacuation Warning,Los Angeles
342,US-CA-XLA-SCL-PACIFICCREST,US,CA,XLA,SCL,PACIFICCREST,SCL-PACIFICCREST,HUGHES,Evacuation Warning,84980433.53125,43440.7564675403,,,-118.497884040167,34.4749116395487,342,US-CA-XLA-SCL-PACIFICCREST,US,CA,XLA,SCL,PACIFICCREST,HUGHES,Evacuation Warning,Los Angeles
343,US-CA-XLA-LAC-FRANCISQUITO,US,CA,XLA,LAC,FRANCISQUITO,LAC-FRANCISQUITO,HUGHES,Evacuation Order,39418096.7685547,44922.20120068,,,-118.546670197185,34.4843125739542,343,US-CA-XLA-LAC-FRANCISQUITO,US,CA,XLA,LAC,FRANCISQUITO,HUGHES,Evacuation Order,Los Angeles
344,US-CA-XLA-CAS-GOLDENSTATE,US,CA,XLA,CAS,GOLDENSTATE,CAS-GOLDENSTATE,HUGHES,Evacuation Order,1462698439.08691,191580.258349307,,,-118.724426273229,34.5608140946485,344,US-CA-XLA-CAS-GOLDENSTATE,US,CA,XLA,CAS,GOLDENSTATE,HUGHES,Evacuation Order,Los Angeles
345,US-CA-XLA-LAC-E017,US,CA,XLA,LAC,E017,LAC-E017,HUGHES,Evacuation Warning,279318602.731445,106249.191248866,,,-118.441869087944,34.6195335163932,345,US-CA-XLA-LAC-E017,US,CA,XLA,LAC,E017,HUGHES,Evacuation Warning,Los Angeles
346,US-CA-XLA-LAC-E008,US,CA,XLA,LAC,E008,LAC-E008,HUGHES,Evacuation Order,2286824635.76563,260373.815990704,,,-118.594946855777,34.6652529235881,346,US-CA-XLA-LAC-E008,US,CA,XLA,LAC,E008,HUGHES,Evacuation Order,Los Angeles
347,US-CA-XLA-LAC-E018,US,CA,XLA,LAC,E018,LAC-E018,HUGHES,Evacuation Warning,245728201.327148,88159.0244409519,,,-118.429428316908,34.5839864420076,347,US-CA-XLA-LAC-E018,US,CA,XLA,LAC,E018,HUGHES,Evacuation Warning,Los Angeles
348,US-CA-XLA-LAC-E030,US,CA,XLA,LAC,E030,LAC-E030,HUGHES,Evacuation Warning,484155776.362305,166075.025276088,,,-118.437457786854,34.5234003614673,348,US-CA-XLA-LAC-E030,US,CA,XLA,LAC,E030,HUGHES,Evacuation Warning,Los Angeles
349,US-CA-XLA-CAS-PARADISERANCH,US,CA,XLA,CAS,PARADISERANCH,CAS-PARADISERANCH,HUGHES,Evacuation Order,208629935.648438,94038.9375548164,,,-118.698380664351,34.6085903387237,349,US-CA-XLA-CAS-PARADISERANCH,US,CA,XLA,CAS,PARADISERANCH,HUGHES,Evacuation Order,Los Angeles
350,US-CA-XLA-LAC-E029,US,CA,XLA,LAC,E029,LAC-E029,HUGHES,Evacuation Order,585719043.542969,107862.851610043,,,-118.497488928459,34.5255324419668,350,US-CA-XLA-LAC-E029,US,CA,XLA,LAC,E029,HUGHES,Evacuation Order,Los Angeles
351,US-CA-XLA-SCL-DECORO,US,CA,XLA,SCL,DECORO,SCL-DECORO,HUGHES,Evacuation Warning,16613452.1835938,17664.9003759997,,,-118.566865734107,34.4425807121553,351,US-CA-XLA-SCL-DECORO,US,CA,XLA,SCL,DECORO,HUGHES,Evacuation Warning,Los Angeles
352,US-CA-XLA-SCL-STERLING,US,CA,XLA,SCL,STERLING,SCL-STERLING,HUGHES,Evacuation Order,8361539.25097656,18364.4037778718,,,-118.571519654603,34.4648651131081,352,US-CA-XLA-SCL-STERLING,US,CA,XLA,SCL,STERLING,HUGHES,Evacuation Order,Los Angeles
353,US-CA-XLA-CAS-CHARLIECANYON,US,CA,XLA,CAS,CHARLIECANYON,CAS-CHARLIECANYON,HUGHES,Evacuation Order,143745932.233398,61694.020936844,,,-118.589384529071,34.4949514081349,353,US-CA-XLA-CAS-CHARLIECANYON,US,CA,XLA,CAS,CHARLIECANYON,HUGHES,Evacuation Order,Los Angeles
354,US-CA-XLA-SCL-TESORODELVALLE,US,CA,XLA,SCL,TESORODELVALLE,SCL-TESORODELVALLE,HUGHES,Evacuation Order,14440736.515625,22541.27517092,,,-118.556715942438,34.4715600981039,354,US-CA-XLA-SCL-TESORODELVALLE,US,CA,XLA,SCL,TESORODELVALLE,HUGHES,Evacuation Order,Los Angeles
355,US-CA-XLA-CAS-CAMBRIDGE,US,CA,XLA,CAS,CAMBRIDGE,CAS-CAMBRIDGE,HUGHES,Evacuation Order,41655623.0400391,28591.5161341801,,,-118.62943795529,34.4591005482302,355,US-CA-XLA-CAS-CAMBRIDGE,US,CA,XLA,CAS,CAMBRIDGE,HUGHES,Evacuation Order,Los Angeles
356,US-CA-XLA-CAS-HILLCREST,US,CA,XLA,CAS,HILLCREST,CAS-HILLCREST,HUGHES,Evacuation Order,27824033.1337891,27202.1368837791,,,-118.633204488004,34.470857127911,356,US-CA-XLA-CAS-HILLCREST,US,CA,XLA,CAS,HILLCREST,HUGHES,Evacuation Order,Los Angeles
357,US-CA-XLA-CAS-SLOAN,US,CA,XLA,CAS,SLOAN,CAS-SLOAN,HUGHES,Evacuation Order,60986931.7441406,30796.158024479,,,-118.629496198148,34.4856251888866,357,US-CA-XLA-CAS-SLOAN,US,CA,XLA,CAS,SLOAN,HUGHES,Evacuation Order,Los Angeles
358,US-CA-XLA-CAS-ROMERO,US,CA,XLA,CAS,ROMERO,CAS-ROMERO,HUGHES,Evacuation Order,114285736.711914,50580.3838715782,,,-118.663366892252,34.4882035223833,358,US-CA-XLA-CAS-ROMERO,US,CA,XLA,CAS,ROMERO,HUGHES,Evacuation Order,Los Angeles
359,US-CA-XLA-CAS-GREENHILL,US,CA,XLA,CAS,GREENHILL,CAS-GREENHILL,HUGHES,Evacuation Order,29037806.1757813,27316.01811313,,,-118.636403196304,34.5064423753174,359,US-CA-XLA-CAS-GREENHILL,US,CA,XLA,CAS,GREENHILL,HUGHES,Evacuation Order,Los Angeles
360,US-CA-XLA-CAS-HASLEY,US,CA,XLA,CAS,HASLEY,CAS-HASLEY,HUGHES,Evacuation Order,51671189.9736328,41457.4194397161,,,-118.661642759081,34.4631774373702,360,US-CA-XLA-CAS-HASLEY,US,CA,XLA,CAS,HASLEY,HUGHES,Evacuation Order,Los Angeles
361,US-CA-XLA-GOR-E004,US,CA,XLA,GOR,E004,GOR-E004,HUGHES,Evacuation Warning,884357690.819336,136780.789183227,,,-118.758428265733,34.7095697102672,361,US-CA-XLA-GOR-E004,US,CA,XLA,GOR,E004,HUGHES,Evacuation Warning,Los Angeles
362,US-CA-XLA-CAS-OAKCANYON,US,CA,XLA,CAS,OAKCANYON,CAS-OAKCANYON,HUGHES,Evacuation Warning,93643020.6015625,54156.6024433171,,,-118.701199289981,34.4622424684126,362,US-CA-XLA-CAS-OAKCANYON,US,CA,XLA,CAS,OAKCANYON,HUGHES,Evacuation Warning,Los Angeles
363,US-CA-XLA-LAC-E011-B,US,CA,XLA,LAC,E011-B,LAC-E011-B,HUGHES,Evacuation Warning,2632813.6875,6404.37243490718,,,-118.453516603315,34.6739828055276,363,US-CA-XLA-LAC-E011-B,US,CA,XLA,LAC,E011-B,HUGHES,Evacuation Warning,Los Angeles
364,US-CA-XLA-GOR-HUNGRYVALLEY,US,CA,XLA,GOR,HUNGRYVALLEY,GOR-HUNGRYVALLEY,HUGHES,Evacuation Warning,994953210.605469,181249.368478048,,,-118.823756991965,34.722824459124,364,US-CA-XLA-GOR-HUNGRYVALLEY,US,CA,XLA,GOR,HUNGRYVALLEY,HUGHES,Evacuation Warning,Los Angeles
365,US-CA-XLA-LAC-E005,US,CA,XLA,LAC,E005,LAC-E005,HUGHES,Evacuation Warning,860167437.366211,150791.992833343,,,-118.651052558705,34.7416830608301,365,US-CA-XLA-LAC-E005,US,CA,XLA,LAC,E005,HUGHES,Evacuation Warning,Los Angeles
366,US-CA-XLA-CAS-BISCAILUZ,US,CA,XLA,CAS,BISCAILUZ,CAS-BISCAILUZ,HUGHES,Evacuation Order,120077431.609375,49624.5912501999,,,-118.599544331743,34.4588024877597,366,US-CA-XLA-CAS-BISCAILUZ,US,CA,XLA,CAS,BISCAILUZ,HUGHES,Evacuation Order,Los Angeles
367,US-CA-XLA-SCL-RANCHOTESORO,US,CA,XLA,SCL,RANCHOTESORO,SCL-RANCHOTESORO,HUGHES,Evacuation Warning,3884723.24804688,8397.97396060775,,,-118.558643955349,34.4647626992852,367,US-CA-XLA-SCL-RANCHOTESORO,US,CA,XLA,SCL,RANCHOTESORO,HUGHES,Evacuation Warning,Los Angeles
368,US-CA-XLA-LAC-E009-B,US,CA,XLA,LAC,E009-B,LAC-E009-B,HUGHES,Evacuation Warning,199288168.898438,97411.8158732099,,,-118.528518573073,34.6925273174477,368,US-CA-XLA-LAC-E009-B,US,CA,XLA,LAC,E009-B,HUGHES,Evacuation Warning,Los Angeles
