Stn Id,Stn Name,CIMIS Region,Month Year,Total ETo (in),qc,Total Precip (in),qc.1,Avg Sol Rad (Ly/day),qc.2,Avg Vap Pres (mBars),qc.3,Avg Max Air Temp (F),qc.4,Avg Min Air Temp (F),qc.5,Avg Air Temp (F),qc.6,Avg Max Rel Hum (%),qc.7,Avg Min Rel Hum (%),qc.8,Avg Rel Hum (%),qc.9,Avg Dew Point (F),qc.10,Avg Wind Speed (mph),qc.11,Avg Soil Temp (F),qc.12,Year
2,FivePoints,San Joaquin Valley,Nov 2024,2.34, ,0.83,K,231, ,8.0, ,65.6,K,37.9,K,51.0,K,85, ,43, ,64,K,38.1,K,4.8,K,60.4, ,2024
2,FivePoints,San Joaquin Valley,Dec 2024,1.2, ,0.86, ,163, ,9.9, ,60.4, ,38.9, ,48.5, ,96, ,65, ,85, ,44.1, ,4.2, ,54.4, ,2024
2,FivePoints,San Joaquin Valley,Jan 2025,1.99, ,0.24, ,228, ,7.0, ,61.8, ,32.0, ,45.7, ,88, ,44, ,67, ,35.1, ,4.3,K,48.7, ,2025
2,FivePoints,San Joaquin Valley,Feb 2025,2.68, ,0.89, ,279, ,9.0, ,66.9,K,40.6,K,53.2,K,86, ,43, ,65,K,41.3,K,6.4,K,52.7, ,2025
5,Shafter,San Joaquin Valley,Nov 2024,,N,1.28, ,275,K,8.9,K,65.7,K,38.0,K,50.8, ,92, ,46, ,70,K,41.0,K,3.2,K,62.9,K,2024
5,Shafter,San Joaquin Valley,Dec 2024,,N,0.91, ,209, ,10.2,K,61.5, ,38.7, ,48.6, ,99, ,64, ,88,K,45.0,K,3.1,K,54.5, ,2024
5,Shafter,San Joaquin Valley,Jan 2025,,N,0.56, ,293,K,7.5, ,62.0,K,31.9, ,45.1, ,95, ,45, ,74, ,36.9, ,3.1, ,50.4, ,2025
5,Shafter,San Joaquin Valley,Feb 2025,,N,0.41, ,343,K,9.9, ,67.9,K,39.5, ,52.8, ,97, ,46, ,72, ,43.9, ,3.8, ,54.3, ,2025
6,Davis,Sacramento Valley,Nov 2024,2.12, ,4.01, ,214,K,8.9, ,63.1, ,41.2, ,51.7, ,88, ,47, ,68, ,40.6, ,5.4,K,53.4, ,2024
6,Davis,Sacramento Valley,Dec 2024,1.15, ,3.42, ,156, ,10.2,K,58.1,K,41.8,K,49.3,K,97, ,68, ,85,K,44.7,K,4.9, ,50.9, ,2024
6,Davis,Sacramento Valley,Jan 2025,2.5, ,0.44, ,235, ,7.5, ,60.2,K,37.3, ,48.0,K,88, ,46, ,66,K,36.4,K,5.9,K,48.7, ,2025
6,Davis,Sacramento Valley,Feb 2025,2.06, ,5.59, ,275,K,9.7, ,61.7, ,42.1,K,51.5, ,92, ,55, ,74, ,43.1, ,5.9,K,51.0, ,2025
7,Firebaugh/Telles,San Joaquin Valley,Nov 2024,1.21, ,1.31, ,117, ,8.5, ,64.3,K,40.5,K,52.0, ,85, ,45, ,65, ,39.7, ,3.0, ,51.6,K,2024
7,Firebaugh/Telles,San Joaquin Valley,Dec 2024,0.4, ,0.82, ,70, ,10.1,K,58.5,K,40.1, ,48.9, ,95, ,68, ,85,K,44.6,K,2.8,K,49.2, ,2024
7,Firebaugh/Telles,San Joaquin Valley,Jan 2025,0.09,L,0.28, ,82, ,7.4, ,60.0, ,33.5, ,46.1, ,89, ,47, ,69, ,36.4, ,2.6, ,43.4,K,2025
7,Firebaugh/Telles,San Joaquin Valley,Feb 2025,1.57,L,0.78, ,243, ,9.2, ,66.5,K,40.5, ,53.3, ,87, ,44, ,66, ,41.9, ,3.7,K,49.9,K,2025
12,Durham,Sacramento Valley,Nov 2024,1.63,K,8.48,K,208,K,8.8,K,62.6, ,39.3, ,49.8, ,95, ,45, ,72,K,40.6,K,3.3, ,54.6, ,2024
12,Durham,Sacramento Valley,Dec 2024,0.93, ,4.3,K,142,K,9.9,K,58.0, ,40.0,K,48.2,K,98, ,66, ,85,K,43.7,K,3.3, ,49.5,K,2024
12,Durham,Sacramento Valley,Jan 2025,1.97,K,0.7, ,227,K,7.0, ,61.0,K,35.1, ,47.0, ,90, ,40, ,64, ,34.3, ,3.4, ,46.9, ,2025
12,Durham,Sacramento Valley,Feb 2025,1.72, ,5.96, ,242, ,9.3, ,61.0,K,40.1,K,50.0,K,95, ,52, ,75,K,42.0,K,3.9,K,49.6, ,2025
13,Camino,Sierra Foothill,Nov 2024,2.0, ,4.13,K,216, ,6.3, ,56.4, ,39.7, ,47.4, ,76, ,41, ,58, ,32.0, ,5.5,K,53.5, ,2024
13,Camino,Sierra Foothill,Dec 2024,1.61, ,2.56,K,171, ,7.5,K,59.4,K,42.6, ,49.5, ,80, ,43, ,64,K,36.3,K,5.9,K,49.4, ,2024
13,Camino,Sierra Foothill,Jan 2025,2.2, ,2.47, ,249,K,5.1, ,57.2, ,39.2, ,47.3, ,65, ,31, ,47, ,26.2, ,4.8, ,46.2, ,2025
13,Camino,Sierra Foothill,Feb 2025,1.94, ,9.57,K,244,K,7.5,K,55.5,K,40.2,K,47.3,K,85, ,52, ,69,K,36.5,K,6.5,K,46.7, ,2025
15,Stratford,San Joaquin Valley,Nov 2024,2.3, ,0.04,K,251, ,8.3, ,65.9,K,38.0,K,51.3, ,85, ,45, ,65, ,38.9, ,4.1, ,56.7, ,2024
15,Stratford,San Joaquin Valley,Dec 2024,1.2, ,0.77, ,180, ,10.3, ,60.1, ,38.5, ,47.9, ,99, ,68, ,90, ,45.0, ,3.6,K,54.2, ,2024
15,Stratford,San Joaquin Valley,Jan 2025,2.03, ,0.23, ,263, ,7.5, ,62.0, ,31.2, ,45.4, ,95, ,46, ,72, ,36.9, ,3.6, ,50.5, ,2025
15,Stratford,San Joaquin Valley,Feb 2025,2.69, ,0.54, ,315, ,9.3, ,67.1,K,38.5, ,52.9,K,91, ,45, ,68,K,42.4,K,5.3,K,52.5, ,2025
35,Bishop,Bishop,Nov 2024,2.23,K,0.98, ,273, ,3.7,K,60.1,K,23.4, ,40.3, ,74, ,20, ,43,K,18.8,K,2.9, ,45.7, ,2024
35,Bishop,Bishop,Dec 2024,1.84, ,0.0, ,229, ,3.9, ,61.9, ,22.9, ,39.6,K,80, ,20, ,47,K,20.8,K,2.6, ,40.2, ,2024
35,Bishop,Bishop,Jan 2025,2.21,K,0.14, ,274,K,2.8, ,57.4, ,20.4,K,37.9, ,67, ,18, ,37, ,12.7, ,3.6,K,38.8, ,2025
35,Bishop,Bishop,Feb 2025,2.96,K,2.57, ,357,K,4.1, ,63.5,K,26.3,K,44.1,L,79,K,18,K,44,L,22.2,L,3.8, ,42.5, ,2025
39,Parlier,San Joaquin Valley,Nov 2024,1.9, ,1.94,K,248,K,9.3, ,64.7, ,39.5,K,50.6, ,93, ,48, ,74, ,42.1, ,2.9,K,58.0, ,2024
39,Parlier,San Joaquin Valley,Dec 2024,1.02, ,1.1, ,164, ,10.5, ,59.6,K,40.6, ,48.6, ,99, ,69, ,90, ,45.8, ,2.8,K,54.2, ,2024
39,Parlier,San Joaquin Valley,Jan 2025,1.86,K,0.24, ,272, ,8.0, ,61.3, ,33.4, ,45.2, ,97, ,48, ,78, ,38.5, ,2.6, ,50.1, ,2025
39,Parlier,San Joaquin Valley,Feb 2025,2.22, ,0.94, ,303,K,10.2, ,65.8,K,40.7, ,52.5, ,96, ,51, ,76, ,44.9, ,3.8,K,54.0, ,2025
41,Calipatria/Mulberry,Imperial/Coachella Valley,Nov 2024,3.45,K,0.0,K,339,K,7.3,K,76.1, ,42.3,K,58.1,K,76,K,20,K,44,K,35.8,K,4.0,K,47.3,K,2024
41,Calipatria/Mulberry,Imperial/Coachella Valley,Dec 2024,2.31, ,0.0, ,267,K,8.0, ,74.9,K,38.3, ,53.6, ,83, ,27, ,57, ,38.6, ,3.0, ,39.4,K,2024
41,Calipatria/Mulberry,Imperial/Coachella Valley,Jan 2025,3.19, ,0.0, ,297, ,5.9,K,70.4, ,33.1,K,50.6,K,78, ,22, ,47,K,30.2,K,4.4,K,35.4,K,2025
41,Calipatria/Mulberry,Imperial/Coachella Valley,Feb 2025,3.81, ,0.0, ,372,K,8.5, ,80.3,K,42.6, ,60.4,K,77, ,23, ,48,K,39.8,K,4.3,K,41.4,K,2025
43,McArthur,Northeast Plateau,Nov 2024,1.06,K,8.86,K,183,K,6.0, ,48.1, ,27.4, ,36.7, ,95, ,60, ,81, ,31.2, ,4.0,K,45.3, ,2024
43,McArthur,Northeast Plateau,Dec 2024,0.73,K,4.31,K,148,K,6.3,K,46.2, ,27.8, ,35.3, ,98, ,70, ,89,K,32.4,K,3.5,K,39.8, ,2024
43,McArthur,Northeast Plateau,Jan 2025,1.33, ,1.39,K,227,K,5.0, ,49.6, ,23.7, ,34.8, ,91, ,48, ,72, ,26.4, ,4.0,K,38.4, ,2025
43,McArthur,Northeast Plateau,Feb 2025,1.41, ,8.13,K,250,K,6.0,K,47.9,K,27.1,K,36.3,K,95, ,61, ,81,K,30.6,K,5.0, ,38.6, ,2025
44,U.C. Riverside,Los Angeles Basin,Nov 2024,3.1,K,0.22,K,307,K,7.4,K,71.6, ,45.8, ,58.0,K,71,K,25,K,46,K,35.2,K,3.8,K,56.8,K,2024
44,U.C. Riverside,Los Angeles Basin,Dec 2024,2.31, ,0.01, ,247, ,7.8, ,70.7,K,44.7, ,55.9,K,77, ,30, ,53,K,36.9,K,3.0, ,53.4, ,2024
44,U.C. Riverside,Los Angeles Basin,Jan 2025,3.17, ,0.36, ,287, ,5.8, ,66.8, ,41.8, ,54.0, ,65, ,26, ,43, ,27.9, ,4.7,K,50.3, ,2025
44,U.C. Riverside,Los Angeles Basin,Feb 2025,3.1, ,1.65, ,346, ,9.3,K,71.9,K,48.0,K,58.7,K,81, ,36, ,57,K,41.5,K,3.7, ,54.9, ,2025
47,Brentwood,San Francisco Bay,Nov 2024,2.37, ,0.87,K,220, ,8.7, ,66.5,K,40.9, ,53.1, ,85, ,42, ,64, ,39.9, ,5.1,K,55.3, ,2024
47,Brentwood,San Francisco Bay,Dec 2024,1.02, ,2.15, ,151, ,11.0,K,60.6,K,41.2, ,49.6, ,100, ,70, ,90,K,46.5,K,4.0,K,51.2, ,2024
47,Brentwood,San Francisco Bay,Jan 2025,2.06, ,0.11, ,218, ,7.6, ,62.9,K,34.7, ,47.4, ,95, ,42, ,69, ,36.7, ,4.3,K,46.4, ,2025
47,Brentwood,San Francisco Bay,Feb 2025,2.01, ,2.53, ,257, ,10.6, ,65.2,K,41.8,K,52.8, ,98, ,52, ,77, ,45.3, ,5.3,K,50.2, ,2025
52,San Luis Obispo,Central Coast Valleys,Nov 2024,2.52,K,2.53, ,258, ,9.0, ,68.1, ,44.5, ,55.0, ,82, ,41, ,61, ,41.0, ,3.4,K,59.7, ,2024
52,San Luis Obispo,Central Coast Valleys,Dec 2024,2.37,K,1.29, ,223, ,9.9,K,67.7,K,45.4,K,55.3,K,86, ,47, ,68,K,43.7,K,3.7,K,56.8,K,2024
52,San Luis Obispo,Central Coast Valleys,Jan 2025,2.77,K,0.21, ,267, ,7.3, ,66.2, ,40.3, ,52.3, ,78, ,35, ,56, ,35.7, ,3.7,K,53.7, ,2025
52,San Luis Obispo,Central Coast Valleys,Feb 2025,2.72,K,7.26,K,322,K,10.3, ,67.3,K,46.0, ,55.6, ,89, ,48, ,69, ,44.9, ,4.0,K,55.6, ,2025
64,Santa Ynez,Central Coast Valleys,Nov 2024,2.34, ,0.28,K,238,K,8.3,K,69.0,K,33.8,K,49.5,K,94,K,33,K,67,K,38.4,K,2.1,K,64.6,K,2024
64,Santa Ynez,Central Coast Valleys,Dec 2024,1.93,K,0.21, ,229,K,8.6,K,71.2,K,34.5,K,49.2,K,96, ,35, ,70,K,39.6,K,2.1, ,59.2,K,2024
64,Santa Ynez,Central Coast Valleys,Jan 2025,2.4,K,0.23, ,228,K,6.1,K,66.2,K,30.5, ,45.6,K,87, ,27, ,58,K,30.6,K,2.3, ,56.4,K,2025
64,Santa Ynez,Central Coast Valleys,Feb 2025,2.64,K,3.0,L,271,L,10.1,L,67.1,L,39.6,L,51.9,L,98,L,41,L,77,L,44.4,L,3.0,L,57.2,L,2025
68,Seeley,Imperial/Coachella Valley,Nov 2024,,N,0.0, ,312, ,5.8, ,77.9, ,44.2,K,61.1, ,54, ,15, ,31, ,29.5, ,4.4,K,66.5, ,2024
68,Seeley,Imperial/Coachella Valley,Dec 2024,,N,0.0, ,244, ,5.6, ,76.2,K,39.6, ,56.5, ,59, ,17, ,36, ,29.0, ,2.8, ,59.9, ,2024
68,Seeley,Imperial/Coachella Valley,Jan 2025,,N,0.0, ,280, ,4.4,K,70.8, ,35.9,K,53.3, ,52, ,15, ,31,K,21.8,K,4.1,K,56.1, ,2025
68,Seeley,Imperial/Coachella Valley,Feb 2025,,N,0.0, ,368, ,6.5, ,80.7,K,46.7,K,63.7,K,54, ,18, ,32,K,32.1,K,5.1,K,63.8, ,2025
70,Manteca,San Joaquin Valley,Nov 2024,1.92, ,1.12, ,238, ,9.2, ,63.8,K,39.1, ,51.0, ,94, ,48, ,72, ,41.9, ,3.2,K,54.4, ,2024
70,Manteca,San Joaquin Valley,Dec 2024,1.03,K,2.24,K,163, ,10.9, ,59.0, ,40.9, ,49.2, ,100, ,70, ,90, ,46.5, ,3.2, ,50.9, ,2024
70,Manteca,San Joaquin Valley,Jan 2025,1.76,K,0.24,K,255,K,8.0, ,60.4, ,32.4, ,45.2, ,99, ,49, ,78, ,38.5, ,2.8, ,46.4, ,2025
70,Manteca,San Joaquin Valley,Feb 2025,2.05, ,3.24, ,294,K,10.4, ,63.9,K,40.0, ,51.6, ,99, ,52, ,78, ,45.0, ,4.0,K,50.6, ,2025
71,Modesto,San Joaquin Valley,Nov 2024,2.05,K,0.89,K,236,K,9.1, ,63.3,K,37.0,K,49.7, ,96, ,51, ,75, ,41.7, ,4.2,K,49.9, ,2024
71,Modesto,San Joaquin Valley,Dec 2024,1.11,K,1.76, ,168, ,10.3,K,58.5, ,37.9,K,47.4,K,100, ,71, ,91,K,44.9,K,4.2, ,48.3, ,2024
71,Modesto,San Joaquin Valley,Jan 2025,1.91,K,0.21, ,259,K,7.4, ,59.7, ,29.3, ,43.0, ,99, ,51, ,79, ,36.5, ,3.7,K,44.7, ,2025
71,Modesto,San Joaquin Valley,Feb 2025,2.21, ,3.06, ,302,K,10.1, ,63.5,K,38.2, ,50.5,K,99, ,55, ,79,K,44.3,K,5.3,K,47.4, ,2025
75,Irvine,South Coast Valleys,Nov 2024,2.83, ,0.1, ,317,K,9.2, ,72.2, ,46.9, ,58.7, ,78, ,35, ,55, ,40.9, ,2.8,K,54.3, ,2024
75,Irvine,South Coast Valleys,Dec 2024,1.89, ,0.03, ,236, ,10.1, ,68.8,K,45.5, ,56.0,K,85,K,46,K,68,K,43.6,K,2.1, ,52.1, ,2024
75,Irvine,South Coast Valleys,Jan 2025,2.85, ,0.95, ,295,K,7.0,K,68.9,K,44.3, ,56.6,K,69, ,31, ,49,K,32.2,K,3.3,K,49.2, ,2025
75,Irvine,South Coast Valleys,Feb 2025,2.65, ,2.99, ,349,K,11.7, ,70.1,K,47.4,K,57.4, ,92, ,50, ,73, ,48.3, ,3.3, ,53.0, ,2025
77,Oakville,North Coast Valleys,Nov 2024,1.9, ,10.57, ,219, ,8.6, ,64.6, ,39.3,K,51.3, ,89, ,42, ,68, ,39.7, ,3.4,K,55.7, ,2024
77,Oakville,North Coast Valleys,Dec 2024,1.27, ,7.43, ,168, ,10.0,K,61.6,K,40.8,K,49.8, ,94, ,59, ,81,K,43.9,K,3.0, ,52.1, ,2024
77,Oakville,North Coast Valleys,Jan 2025,2.08,K,0.86, ,220, ,7.0, ,61.6,K,35.4,K,47.8,K,88, ,44, ,65,K,34.6,K,3.4,K,49.1, ,2025
77,Oakville,North Coast Valleys,Feb 2025,1.86, ,9.51, ,255, ,9.3, ,62.4, ,38.8,K,49.9, ,93, ,52, ,75, ,42.0, ,3.7,K,50.8, ,2025
78,Pomona,Los Angeles Basin,Nov 2024,2.43,K,1.26,K,300,K,8.2, ,73.8, ,44.9, ,58.4, ,75, ,28, ,49, ,38.1, ,1.8, ,54.7,K,2024
78,Pomona,Los Angeles Basin,Dec 2024,1.91, ,0.71, ,245, ,8.7, ,71.8,K,43.3, ,55.7,K,80, ,36, ,59,K,40.1,K,1.6, ,54.3, ,2024
78,Pomona,Los Angeles Basin,Jan 2025,2.28,K,1.46, ,284, ,6.4, ,69.5,K,39.1, ,53.5, ,72, ,27, ,47, ,31.5, ,1.8, ,51.7, ,2025
78,Pomona,Los Angeles Basin,Feb 2025,2.58,K,4.15, ,341,K,10.0, ,72.8,K,46.5,K,58.8,K,83, ,40, ,62,L,44.7,L,1.6, ,55.1, ,2025
80,Fresno State,San Joaquin Valley,Nov 2024,2.0, ,2.15, ,243, ,9.3, ,65.1, ,40.1,K,51.9, ,93, ,49, ,71, ,42.1, ,3.6,K,62.2, ,2024
80,Fresno State,San Joaquin Valley,Dec 2024,1.13, ,1.23, ,170, ,10.8,K,60.6,K,40.4,K,49.5, ,99, ,68, ,89,K,46.3,K,3.2,K,57.1, ,2024
80,Fresno State,San Joaquin Valley,Jan 2025,1.87, ,0.34,K,269, ,8.1, ,61.8, ,32.8, ,45.8, ,98, ,48, ,77, ,38.9, ,2.7, ,52.7, ,2025
80,Fresno State,San Joaquin Valley,Feb 2025,2.25, ,1.84, ,308,K,10.4, ,65.7, ,40.3, ,52.5, ,97, ,52, ,77, ,45.3, ,4.4,K,54.5, ,2025
83,Santa Rosa,North Coast Valleys,Nov 2024,1.74,K,10.58, ,223,K,9.7,K,64.3, ,37.7,K,50.4, ,95, ,51, ,77,K,42.7,K,3.8,K,54.8, ,2024
83,Santa Rosa,North Coast Valleys,Dec 2024,1.12,K,8.95,K,166,K,10.8,K,60.2,K,40.4,K,49.2,K,97, ,70, ,89,K,46.1,K,3.3,K,52.9,K,2024
83,Santa Rosa,North Coast Valleys,Jan 2025,1.73,K,1.2, ,230,K,8.1, ,61.9,K,33.7, ,46.1,K,96, ,52, ,77,K,38.4,K,2.9, ,50.1, ,2025
83,Santa Rosa,North Coast Valleys,Feb 2025,1.64, ,8.6,K,248,K,10.2,K,61.8,K,37.9,K,48.9, ,97, ,62, ,85,K,44.5,K,4.0,K,52.8, ,2025
84,Browns Valley,Sierra Foothill,Nov 2024,1.86, ,7.57,K,206, ,8.3, ,61.1, ,43.9, ,51.9, ,81, ,45, ,63, ,39.0, ,4.8,K,56.2, ,2024
84,Browns Valley,Sierra Foothill,Dec 2024,0.95,K,6.18, ,146, ,9.8,K,58.3, ,42.7,K,49.9, ,92, ,62, ,79,K,43.4,K,2.1, ,52.0, ,2024
84,Browns Valley,Sierra Foothill,Jan 2025,1.64,K,1.34, ,235, ,6.7, ,60.4,K,38.5, ,49.5,K,79,K,40,K,57,K,33.6,K,1.0,K,49.3, ,2025
84,Browns Valley,Sierra Foothill,Feb 2025,1.67,K,7.33,K,251, ,9.3, ,60.2, ,42.0, ,51.0, ,89, ,54, ,72, ,42.0, ,3.0,K,51.4, ,2025
87,Meloland,Imperial/Coachella Valley,Nov 2024,3.66, ,0.0, ,321, ,7.1, ,76.2, ,45.3, ,59.9, ,64, ,19, ,40, ,34.9, ,4.3,K,59.5, ,2024
87,Meloland,Imperial/Coachella Valley,Dec 2024,2.58, ,0.0, ,277, ,7.4, ,74.9,K,41.4, ,56.1,K,75, ,23, ,48,K,36.4,K,2.9, ,55.5, ,2024
87,Meloland,Imperial/Coachella Valley,Jan 2025,3.26, ,0.0, ,301, ,5.7,K,70.0, ,36.7,K,52.6, ,70, ,20, ,42,K,29.3,K,4.4,K,52.3,K,2025
87,Meloland,Imperial/Coachella Valley,Feb 2025,3.55,K,0.0, ,379, ,8.0, ,79.6,K,46.4, ,62.3,K,68, ,22, ,42,K,38.1,K,3.2,K,57.3, ,2025
88,Cuyama,Central Coast Valleys,Nov 2024,,N,0.57, ,259, ,6.4,K,65.7, ,31.9,K,47.6, ,80, ,34, ,57,K,31.4,K,4.4, ,56.9,L,2024
88,Cuyama,Central Coast Valleys,Dec 2024,,N,0.14, ,222, ,6.4, ,66.5, ,32.7, ,47.6, ,81, ,32, ,57, ,31.9, ,4.8,K,52.3,L,2024
88,Cuyama,Central Coast Valleys,Jan 2025,,N,0.19, ,274, ,4.5,K,63.3, ,25.4,K,42.6, ,72, ,26, ,49,K,23.3,K,5.2,K,47.4,K,2025
88,Cuyama,Central Coast Valleys,Feb 2025,,N,0.89, ,332, ,7.4, ,66.8,K,35.3,K,50.5,K,85, ,35, ,59,K,36.0,K,5.7,K,52.9,L,2025
90,Alturas,Northeast Plateau,Nov 2024,1.33, ,1.94,K,175, ,5.4,K,47.5, ,25.9,K,36.1, ,92, ,50, ,74,K,28.2,K,6.2,K,42.3, ,2024
90,Alturas,Northeast Plateau,Dec 2024,1.02, ,1.54,K,138, ,5.5,K,48.4,K,25.2,K,35.7, ,94, ,51, ,76,K,28.8,K,5.5,K,37.2,K,2024
90,Alturas,Northeast Plateau,Jan 2025,1.22,K,0.48, ,207, ,4.4, ,47.0, ,20.3, ,31.6, ,90, ,44, ,70, ,22.5, ,4.3, ,34.6, ,2025
90,Alturas,Northeast Plateau,Feb 2025,1.46,K,3.5,K,243,K,5.1,K,44.6,K,22.2,K,32.6,K,92,K,58,K,77,L,29.4,L,5.6,K,35.2, ,2025
91,Tulelake FS,Northeast Plateau,Nov 2024,0.94, ,1.77,K,146, ,5.5,K,44.1,K,25.9, ,34.7, ,94, ,62, ,81,K,29.1,K,5.5,K,42.3, ,2024
91,Tulelake FS,Northeast Plateau,Dec 2024,0.71,K,2.26, ,122, ,5.7,K,44.7,K,24.5, ,33.8, ,96,K,65,K,85, ,29.7, ,4.5,K,37.2,K,2024
91,Tulelake FS,Northeast Plateau,Jan 2025,1.11, ,0.41, ,190, ,4.4, ,46.6, ,18.0, ,30.8, ,91, ,47, ,72, ,22.5, ,3.8, ,35.2,K,2025
91,Tulelake FS,Northeast Plateau,Feb 2025,1.25,K,3.41,K,257,K,4.7,K,38.7,K,18.1,L,32.4,L,95,K,71,K,86,L,28.5,L,3.7, ,33.7, ,2025
99,Santa Monica,Los Angeles Basin,Nov 2024,2.98, ,0.16, ,311,K,8.4, ,69.9, ,51.5, ,59.5, ,73, ,33, ,50, ,38.5, ,3.6,K,60.6, ,2024
99,Santa Monica,Los Angeles Basin,Dec 2024,1.93,K,0.04, ,238, ,9.6, ,65.8,K,49.8,K,56.4,K,82, ,45, ,66,L,42.7,L,2.7, ,58.4, ,2024
99,Santa Monica,Los Angeles Basin,Jan 2025,2.82, ,1.11, ,288, ,6.8,K,65.9, ,48.1, ,56.3, ,66, ,33, ,47,K,31.9,K,4.0,K,58.3, ,2025
99,Santa Monica,Los Angeles Basin,Feb 2025,2.56,K,4.39,K,352,K,11.3, ,65.1,K,49.7, ,56.5,K,89, ,53, ,73,K,47.4,K,3.6, ,60.1, ,2025
103,Windsor,North Coast Valleys,Nov 2024,1.58, ,14.39, ,204, ,9.9,K,65.1, ,37.7,K,50.3, ,99, ,52, ,79,K,43.4,K,2.3, ,54.5, ,2024
103,Windsor,North Coast Valleys,Dec 2024,1.08,K,8.56, ,157, ,10.9,K,61.6,K,39.9,K,49.2,K,100, ,69, ,90,K,46.4,K,2.1, ,52.6,K,2024
103,Windsor,North Coast Valleys,Jan 2025,1.77,K,1.17, ,219, ,8.1, ,63.5,K,34.3, ,47.0,K,99, ,49, ,75,K,38.4,K,2.3, ,50.5, ,2025
103,Windsor,North Coast Valleys,Feb 2025,1.64, ,10.05, ,239, ,10.3,K,63.1,K,38.9,K,49.9, ,100, ,59, ,83,K,44.8,K,2.7, ,53.6, ,2025
104,De Laveaga,Monterey Bay,Nov 2024,1.89,K,2.19,K,234, ,9.2,K,64.8, ,43.1,K,52.6, ,87, ,45, ,68,K,41.5,K,2.7,K,56.8, ,2024
104,De Laveaga,Monterey Bay,Dec 2024,1.42,K,3.6,K,186,K,10.7,K,63.6,K,44.3,K,52.4,K,93, ,58, ,79,K,45.4,K,2.6,K,53.6,K,2024
104,De Laveaga,Monterey Bay,Jan 2025,2.09,K,0.53, ,246, ,7.6, ,62.4, ,39.0, ,49.4,K,86, ,43, ,64,K,36.7,K,2.9,K,50.6, ,2025
104,De Laveaga,Monterey Bay,Feb 2025,2.03,K,7.75,K,257, ,10.3, ,62.8,K,42.4, ,51.4, ,96, ,55, ,79, ,44.7, ,2.8,K,53.1, ,2025
105,Westlands,San Joaquin Valley,Nov 2024,2.49, ,0.97, ,245, ,7.8, ,66.3,K,37.7, ,51.5, ,81, ,42, ,61, ,37.2, ,4.8,K,60.5, ,2024
105,Westlands,San Joaquin Valley,Dec 2024,1.15, ,0.82, ,159, ,9.8, ,60.3, ,37.5, ,48.1, ,96, ,64, ,85, ,43.7, ,4.0,K,53.6, ,2024
105,Westlands,San Joaquin Valley,Jan 2025,1.89, ,0.13, ,227, ,7.0, ,61.6, ,30.1, ,44.7, ,89, ,45, ,69, ,35.0, ,3.9,K,48.4, ,2025
105,Westlands,San Joaquin Valley,Feb 2025,2.78, ,0.27, ,291, ,8.6, ,67.7,K,38.0, ,52.8,K,85, ,40, ,63,K,40.0,K,5.9,K,50.8, ,2025
106,Sanel Valley,North Coast Valleys,Nov 2024,1.5, ,12.8,K,196, ,9.1,K,63.2, ,35.4,K,47.8, ,98, ,50, ,79,K,41.1,K,3.2,K,53.1, ,2024
106,Sanel Valley,North Coast Valleys,Dec 2024,1.11, ,9.02,K,155, ,10.0,K,61.7,K,38.5, ,48.2,K,98, ,61, ,86,K,44.1,K,3.0, ,51.1,K,2024
106,Sanel Valley,North Coast Valleys,Jan 2025,1.6, ,0.96, ,220, ,7.6, ,64.1,K,30.9, ,43.7, ,97, ,44, ,77, ,36.7, ,2.6, ,47.8, ,2025
106,Sanel Valley,North Coast Valleys,Feb 2025,1.63, ,9.35,K,231, ,9.3,K,62.3,K,36.4,K,47.9,K,98, ,54, ,80,K,41.8,K,3.3,K,50.6, ,2025
107,Santa Barbara,Central Coast Valleys,Nov 2024,2.11,K,0.42, ,287, ,9.0, ,68.4, ,46.2, ,56.2, ,78, ,40, ,59, ,40.9, ,1.3, ,61.3, ,2024
107,Santa Barbara,Central Coast Valleys,Dec 2024,1.64,K,0.17, ,231, ,10.0, ,66.7,K,44.9, ,54.1,K,88, ,50, ,71,K,43.9,K,1.3, ,57.2, ,2024
107,Santa Barbara,Central Coast Valleys,Jan 2025,2.28,K,0.35,K,287,K,7.0,K,65.9, ,42.6,K,53.4, ,71, ,35, ,52,K,34.3,K,2.0, ,55.4, ,2025
107,Santa Barbara,Central Coast Valleys,Feb 2025,2.48, ,3.84, ,331,K,10.6, ,67.0,K,46.3, ,55.8,K,91,K,49,K,71,K,45.9,K,2.8, ,57.8, ,2025
113,King City-Oasis Rd.,Monterey Bay,Nov 2024,2.44, ,1.19, ,256, ,8.3,K,68.2, ,36.3, ,51.0, ,90, ,38, ,65,K,38.8,K,4.2,K,58.2, ,2024
113,King City-Oasis Rd.,Monterey Bay,Dec 2024,1.89, ,0.55, ,224,K,9.5,K,67.9,K,37.9,K,50.5,K,95, ,46, ,75,K,42.5,K,3.5, ,52.8, ,2024
113,King City-Oasis Rd.,Monterey Bay,Jan 2025,2.28, ,0.16, ,268, ,6.8, ,66.5,K,31.4, ,46.0, ,92, ,32, ,64, ,34.1, ,3.6, ,49.2, ,2025
113,King City-Oasis Rd.,Monterey Bay,Feb 2025,2.6, ,2.21, ,322,K,9.7, ,66.8,K,38.5,K,51.1, ,96, ,47, ,75, ,43.3, ,5.0,K,50.9, ,2025
114,Arroyo Seco,Monterey Bay,Nov 2024,2.36, ,1.14, ,254, ,8.8,K,67.0, ,38.0, ,51.2, ,92, ,41, ,68,K,40.5,K,4.3,K,54.1,K,2024
114,Arroyo Seco,Monterey Bay,Dec 2024,1.81, ,0.56, ,206, ,9.8,K,67.0,K,39.5,K,51.1,K,95, ,49, ,76,K,43.4,K,3.9, ,52.8,K,2024
114,Arroyo Seco,Monterey Bay,Jan 2025,2.2, ,0.15, ,246, ,7.0, ,64.9, ,33.1, ,46.3, ,90, ,36, ,66, ,35.0, ,4.1, ,49.8, ,2025
114,Arroyo Seco,Monterey Bay,Feb 2025,2.52,K,1.52, ,297, ,9.8, ,65.9,K,40.2, ,51.5, ,95, ,48, ,75, ,43.7, ,5.6,K,52.8, ,2025
116,Salinas North,Monterey Bay,Nov 2024,,N,2.4, ,256, ,9.9,K,65.0, ,42.3, ,52.4, ,92, ,52, ,74,K,43.7,K,6.4,K,57.4, ,2024
116,Salinas North,Monterey Bay,Dec 2024,,N,2.34, ,200, ,11.1,K,64.1, ,43.8,K,52.3,K,97, ,60, ,82,K,46.8,K,6.2,K,54.4,K,2024
116,Salinas North,Monterey Bay,Jan 2025,,N,0.18, ,248, ,8.3, ,62.3, ,38.3, ,48.4, ,92, ,47, ,72, ,39.4, ,5.4, ,51.4, ,2025
116,Salinas North,Monterey Bay,Feb 2025,,N,3.11, ,293, ,10.9, ,63.2,K,42.4, ,51.7, ,98, ,59, ,82, ,46.4, ,7.0,K,53.4, ,2025
117,Victorville,San Bernardino,Nov 2024,2.81, ,0.0, ,310, ,4.9,K,64.7, ,34.9,K,49.7, ,65, ,23, ,39,K,24.8,K,4.3,K,51.3, ,2024
117,Victorville,San Bernardino,Dec 2024,2.41,K,0.0, ,252, ,4.5, ,66.6,K,34.3, ,49.2,K,58, ,19, ,37,K,22.9,K,3.6, ,47.6,K,2024
117,Victorville,San Bernardino,Jan 2025,2.6,K,0.65,K,300, ,3.9, ,59.0, ,30.7, ,44.6, ,65, ,21, ,39, ,19.3, ,4.7,K,43.3, ,2025
117,Victorville,San Bernardino,Feb 2025,3.48, ,0.64, ,374,K,6.1,K,66.2,K,39.8,K,53.3,K,71, ,27, ,44,K,30.7,K,6.6,K,49.0, ,2025
124,Panoche,San Joaquin Valley,Nov 2024,2.18, ,1.35, ,248, ,9.2, ,65.5,K,39.1,K,51.9, ,93, ,47, ,70, ,41.9, ,4.0,K,58.3, ,2024
124,Panoche,San Joaquin Valley,Dec 2024,1.12, ,0.62, ,173, ,11.0,K,59.8,K,39.7, ,49.1,K,100, ,72, ,92,K,46.8,K,3.3, ,54.1, ,2024
124,Panoche,San Joaquin Valley,Jan 2025,2.0, ,0.33, ,266, ,7.9, ,61.3, ,32.4, ,45.9, ,97, ,48, ,75, ,38.2, ,3.5,K,50.0, ,2025
124,Panoche,San Joaquin Valley,Feb 2025,2.39, ,0.5, ,313,K,10.5, ,66.1,K,40.9, ,53.1,K,96, ,51, ,75,K,45.3,K,4.7,K,53.3,K,2025
125,Arvin-Edison,San Joaquin Valley,Nov 2024,2.32, ,1.69, ,258,K,8.4,K,65.6,K,40.4,K,52.7, ,83, ,43, ,63,K,39.0,K,3.3,K,62.7, ,2024
125,Arvin-Edison,San Joaquin Valley,Dec 2024,1.59, ,0.43, ,209, ,9.7, ,62.6, ,39.3, ,49.6, ,94, ,57, ,80, ,43.7, ,3.0,K,56.1, ,2024
125,Arvin-Edison,San Joaquin Valley,Jan 2025,2.19, ,0.4, ,285, ,6.9,K,62.8,K,31.1,K,46.1, ,89, ,41, ,66,K,34.6,K,3.3,K,52.8, ,2025
125,Arvin-Edison,San Joaquin Valley,Feb 2025,2.74,K,0.62, ,322,K,9.5, ,68.4,K,40.9, ,54.5,K,90,K,44,K,67,K,42.9,K,3.9,K,55.4, ,2025
126,San Benito,Monterey Bay,Nov 2024,2.14, ,1.76, ,262, ,8.9, ,67.0, ,40.6, ,52.3, ,89, ,40, ,67, ,40.8, ,2.5, ,56.3, ,2024
126,San Benito,Monterey Bay,Dec 2024,1.58, ,1.9, ,203, ,9.9,K,64.6,K,40.8,K,50.9,K,92, ,53, ,77,K,43.6,K,2.3,K,53.2, ,2024
126,San Benito,Monterey Bay,Jan 2025,1.87, ,0.12, ,257, ,7.3, ,63.4, ,33.8,K,46.3, ,89, ,42, ,68, ,36.1, ,2.2, ,49.7, ,2025
126,San Benito,Monterey Bay,Feb 2025,2.18, ,2.84, ,301,K,9.9, ,65.0,K,40.5,K,51.6, ,93, ,52, ,75, ,43.9, ,2.9,K,53.3, ,2025
129,Pajaro,Monterey Bay,Nov 2024,2.15,K,2.96, ,260, ,10.1, ,65.5, ,41.1, ,52.3,K,96, ,50, ,76,K,44.3,K,3.2, ,57.9,L,2024
129,Pajaro,Monterey Bay,Dec 2024,1.66,K,3.37, ,205, ,11.0,K,64.3, ,42.9,K,52.3,K,96,K,59,K,82,K,46.7,K,3.5,K,58.0,L,2024
129,Pajaro,Monterey Bay,Jan 2025,2.01, ,0.22, ,255,K,7.9, ,63.2, ,36.2,K,48.5, ,91, ,43, ,68, ,38.0, ,3.2, ,52.6,L,2025
129,Pajaro,Monterey Bay,Feb 2025,2.2,K,4.72, ,296,K,10.3, ,63.6,K,41.4, ,51.8, ,94, ,54, ,78, ,45.0, ,4.0,K,61.6,L,2025
131,Fair Oaks,Sacramento Valley,Nov 2024,1.72, ,4.56, ,212, ,8.8,K,63.7, ,40.7, ,51.0, ,94, ,42, ,69,K,40.7,K,2.7,K,54.4, ,2024
131,Fair Oaks,Sacramento Valley,Dec 2024,0.96, ,4.52, ,144, ,10.2,K,60.2, ,41.6,K,49.3,K,97, ,63, ,85,K,44.8,K,3.0,K,51.2,K,2024
131,Fair Oaks,Sacramento Valley,Jan 2025,1.84, ,1.03, ,239, ,7.5, ,60.9, ,35.5,K,47.1, ,91, ,45, ,68, ,36.9, ,2.6,K,47.7, ,2025
131,Fair Oaks,Sacramento Valley,Feb 2025,1.78, ,4.97, ,255, ,9.7, ,62.5,K,40.7,K,50.9,K,94, ,52, ,75,K,43.1,K,3.4,K,51.8, ,2025
135,Blythe NE,Imperial/Coachella Valley,Nov 2024,,N,0.0, ,320, ,6.6,K,74.2, ,41.8,K,57.8, ,70, ,22, ,40,K,33.1,K,5.2,K,63.8, ,2024
135,Blythe NE,Imperial/Coachella Valley,Dec 2024,,N,0.0, ,269, ,6.4, ,72.9,K,38.7, ,53.7, ,72, ,23, ,46, ,33.0, ,3.8,K,56.2, ,2024
135,Blythe NE,Imperial/Coachella Valley,Jan 2025,,N,0.0, ,312, ,4.6,K,68.1, ,35.8, ,51.8,K,60, ,19, ,35,K,23.7,K,6.3,K,53.5,K,2025
135,Blythe NE,Imperial/Coachella Valley,Feb 2025,,N,0.01, ,381,K,7.2, ,78.5,K,43.6,K,60.9,K,69, ,21, ,40,K,35.8,K,4.4, ,60.6,K,2025
136,Oasis,Imperial/Coachella Valley,Nov 2024,,N,0.08, ,308, ,7.1, ,74.9, ,46.4,K,60.8, ,59, ,22, ,39, ,35.1, ,4.6,K,59.0, ,2024
136,Oasis,Imperial/Coachella Valley,Dec 2024,,N,0.05, ,264, ,7.2, ,74.6,K,45.3, ,59.1,K,57, ,26, ,42,K,35.4,K,3.8, ,55.1, ,2024
136,Oasis,Imperial/Coachella Valley,Jan 2025,,N,0.17,K,297, ,5.5, ,69.5, ,41.5,K,55.9, ,54, ,22, ,37, ,28.3, ,5.1,K,53.6, ,2025
136,Oasis,Imperial/Coachella Valley,Feb 2025,,N,0.25,K,372, ,8.0, ,78.9,K,48.8, ,64.0,K,61, ,23, ,40,K,37.9,K,4.5, ,60.2,K,2025
139,Winters,Sacramento Valley,Nov 2024,1.69, ,3.79, ,177, ,8.5,K,63.3, ,39.9,K,51.4, ,87, ,45, ,66,K,39.3,K,3.2,K,54.8, ,2024
139,Winters,Sacramento Valley,Dec 2024,0.98, ,4.02,K,134, ,9.6,K,59.1, ,40.3, ,49.1, ,95, ,62, ,80,K,42.9,K,3.1, ,50.5,K,2024
139,Winters,Sacramento Valley,Jan 2025,2.15, ,0.43, ,217, ,6.8, ,61.6, ,35.4,K,48.4,K,85, ,40, ,61,K,33.7,K,3.6,K,48.2, ,2025
139,Winters,Sacramento Valley,Feb 2025,1.95, ,5.8, ,261, ,9.2,K,62.5, ,41.3,K,51.7,K,91, ,50, ,70,K,41.7,K,4.0,K,50.1,K,2025
140,Twitchell Island,San Francisco Bay,Nov 2024,2.08, ,2.29, ,224, ,10.0,K,66.3, ,41.3, ,53.4, ,96, ,47, ,72,K,43.9,K,4.5,K,57.8, ,2024
140,Twitchell Island,San Francisco Bay,Dec 2024,0.97, ,3.18, ,147, ,11.1,K,60.3,K,40.7,K,49.6,K,100, ,71, ,91,L,46.7,L,4.4,K,53.7,K,2024
140,Twitchell Island,San Francisco Bay,Jan 2025,2.02, ,0.23, ,236, ,8.6, ,63.1,K,34.8, ,48.2,K,98, ,47, ,76,K,40.1,K,4.3,K,49.6, ,2025
140,Twitchell Island,San Francisco Bay,Feb 2025,2.06, ,3.77, ,279,K,11.1,K,64.6,K,43.5,K,53.5,K,99, ,56, ,78,K,46.7,K,6.0,K,52.2, ,2025
143,San Juan Valley,Monterey Bay,Nov 2024,,N,2.43,K,252,K,9.0,K,67.6, ,38.6, ,51.5,K,93,K,41,K,69, ,41.3, ,3.0,K,56.5,K,2024
143,San Juan Valley,Monterey Bay,Dec 2024,,N,2.41, ,197, ,10.1,K,65.5,K,39.8,K,50.9,K,95, ,54, ,79,K,44.2,K,2.9,K,53.5,K,2024
143,San Juan Valley,Monterey Bay,Jan 2025,,N,0.21, ,247, ,7.4, ,64.0, ,32.3,K,45.9, ,93, ,43, ,71, ,36.5, ,2.9, ,49.8, ,2025
143,San Juan Valley,Monterey Bay,Feb 2025,,N,4.26,K,297, ,10.2, ,65.8,K,39.5,K,51.4, ,95, ,53, ,78, ,44.6, ,3.5,K,52.7, ,2025
144,Petaluma East,North Coast Valleys,Nov 2024,1.72, ,7.88, ,226,K,9.6,K,63.7, ,39.4,K,51.2, ,92, ,50, ,74,K,42.5,K,3.3,K,57.7, ,2024
144,Petaluma East,North Coast Valleys,Dec 2024,1.05, ,6.54, ,150, ,10.5,K,60.0,K,41.1,K,49.5, ,96, ,68, ,86,K,45.4,K,3.4, ,53.9,K,2024
144,Petaluma East,North Coast Valleys,Jan 2025,1.7,K,1.13,K,217, ,8.0, ,61.7,K,35.5, ,47.2,K,94, ,49, ,73,K,38.2,K,3.0, ,51.9, ,2025
144,Petaluma East,North Coast Valleys,Feb 2025,1.68, ,5.62, ,248,K,10.1,K,61.7,K,39.0,K,49.3, ,96, ,59, ,83,K,44.2,K,3.7,K,53.9, ,2025
146,Belridge,San Joaquin Valley,Nov 2024,2.25, ,0.46, ,265,K,8.3,K,66.2,K,40.0, ,51.9, ,83, ,43, ,63,K,38.8,K,3.3,K,58.8, ,2024
146,Belridge,San Joaquin Valley,Dec 2024,1.47, ,0.34, ,202, ,9.8, ,61.8, ,39.1, ,49.0, ,96, ,60, ,83, ,43.9, ,3.2,K,54.2, ,2024
146,Belridge,San Joaquin Valley,Jan 2025,2.16, ,0.38, ,278, ,7.1, ,62.4, ,33.9, ,46.3, ,87, ,42, ,66, ,35.4, ,3.6,K,51.5, ,2025
146,Belridge,San Joaquin Valley,Feb 2025,2.79, ,0.28, ,332, ,9.1, ,68.2,K,40.3, ,54.0, ,87, ,42, ,64, ,41.8, ,4.5,K,55.4, ,2025
147,Otay Lake,South Coast Valleys,Nov 2024,3.09, ,0.16,K,338,K,8.9,K,73.0, ,46.8,K,58.2, ,76, ,32, ,55,K,40.5,K,3.9,K,62.5, ,2024
147,Otay Lake,South Coast Valleys,Dec 2024,2.41, ,0.06, ,280,K,9.1, ,70.1, ,44.5, ,55.2, ,81, ,39, ,63, ,41.3, ,3.6, ,58.6, ,2024
147,Otay Lake,South Coast Valleys,Jan 2025,2.89, ,0.67, ,304,K,6.5,K,68.1, ,41.4, ,53.4, ,68, ,29, ,49,K,31.4,K,4.2, ,54.7, ,2025
147,Otay Lake,South Coast Valleys,Feb 2025,2.81,K,1.04,K,358,K,10.9, ,70.7,K,46.9, ,57.0,K,85,K,46,K,69,K,46.4,K,3.6, ,58.5, ,2025
150,Miramar,South Coast Valleys,Nov 2024,2.91, ,0.14, ,315, ,9.3,K,71.0, ,45.1,K,57.1, ,86, ,35, ,59,K,41.3,K,3.4,K,57.4,K,2024
150,Miramar,South Coast Valleys,Dec 2024,2.1, ,0.1, ,247, ,10.4, ,67.9, ,43.8, ,54.7, ,96, ,45, ,72, ,44.6, ,3.0, ,55.3, ,2024
150,Miramar,South Coast Valleys,Jan 2025,2.88, ,0.24, ,285, ,7.0,K,66.7, ,40.7, ,53.5, ,79, ,29, ,52,K,32.1,K,3.6,K,51.7,K,2025
150,Miramar,South Coast Valleys,Feb 2025,2.62,K,1.52, ,331, ,11.5, ,68.8,K,45.6, ,55.8,K,99, ,50, ,76,K,47.9,K,3.6, ,56.6, ,2025
151,Ripley,Imperial/Coachella Valley,Nov 2024,3.51, ,0.0, ,314, ,6.2,K,74.4, ,40.3,K,57.0, ,68, ,21, ,39,K,31.9,K,4.8,K,59.3, ,2024
151,Ripley,Imperial/Coachella Valley,Dec 2024,2.54, ,0.0, ,269, ,6.2, ,72.2,K,36.7, ,52.6, ,74, ,24, ,46, ,32.1, ,3.5, ,52.4, ,2024
151,Ripley,Imperial/Coachella Valley,Jan 2025,3.45,K,0.03, ,302, ,4.7, ,67.9, ,33.2,K,50.3,K,64, ,21, ,38,K,24.6,K,5.5,K,48.8,K,2025
151,Ripley,Imperial/Coachella Valley,Feb 2025,3.81, ,0.0, ,368, ,7.3, ,77.8,K,42.0, ,59.5,K,69, ,24, ,42,K,36.1,K,4.5,K,53.8,K,2025
152,Camarillo,Central Coast Valleys,Nov 2024,2.9, ,0.69, ,287, ,8.7,K,69.8, ,44.6,K,56.7, ,78, ,36, ,57,K,39.2,K,3.5,K,53.1,K,2024
152,Camarillo,Central Coast Valleys,Dec 2024,2.17,K,0.7, ,238, ,9.5, ,68.2,K,43.0, ,54.4,K,87,K,47,K,71,L,42.6,L,3.2,K,51.2, ,2024
152,Camarillo,Central Coast Valleys,Jan 2025,3.41, ,0.59, ,287, ,6.4,K,68.1,K,43.3,K,55.4,K,67, ,31, ,48,K,30.6,K,4.8,K,48.9,K,2025
152,Camarillo,Central Coast Valleys,Feb 2025,2.67,K,3.32, ,336, ,10.9,K,68.2,K,44.1, ,55.5,K,93,K,50,K,73,K,46.3,K,3.4, ,51.3, ,2025
153,Escondido SPV,South Coast Valleys,Nov 2024,2.92,K,0.11,K,306, ,8.6,K,74.0, ,37.5, ,54.9, ,87, ,32, ,59,K,39.3,K,2.8,K,56.7,K,2024
153,Escondido SPV,South Coast Valleys,Dec 2024,2.12,K,0.03, ,240,K,8.6, ,71.9, ,34.6, ,50.7, ,91, ,39, ,69, ,39.9, ,3.2,K,52.6, ,2024
153,Escondido SPV,South Coast Valleys,Jan 2025,3.11,K,0.48, ,278, ,6.3,K,69.0, ,32.8, ,50.7, ,78, ,30, ,52,K,30.6,K,4.6,K,55.0, ,2025
153,Escondido SPV,South Coast Valleys,Feb 2025,2.77,K,1.55, ,324, ,10.5, ,72.2, ,40.7, ,55.2,K,94,K,47,K,74,L,46.2,L,4.0,K,61.4,K,2025
157,Point San Pedro,San Francisco Bay,Nov 2024,1.78, ,8.35, ,218, ,9.8,K,62.7, ,41.1, ,52.0, ,92, ,52, ,74,K,43.2,K,3.5,K,56.4, ,2024
157,Point San Pedro,San Francisco Bay,Dec 2024,1.1, ,6.72,K,153, ,10.6,K,58.5, ,42.9,K,50.2,K,96, ,67, ,85,K,45.7,K,3.3,K,52.5,K,2024
157,Point San Pedro,San Francisco Bay,Jan 2025,1.78, ,0.4, ,224, ,8.0, ,59.8,K,35.9, ,47.1,K,94, ,52, ,74,K,38.3,K,2.7, ,49.1, ,2025
157,Point San Pedro,San Francisco Bay,Feb 2025,1.75, ,9.59, ,253, ,10.1,K,60.6, ,40.3,K,50.2, ,96, ,58, ,80,K,44.2,K,3.8,K,52.4, ,2025
158,Bennett Valley,North Coast Valleys,Nov 2024,1.43, ,5.58,K,193, ,9.5,K,62.5, ,38.1,K,49.3, ,96, ,52, ,79,K,42.4,K,2.4,K,53.6, ,2024
158,Bennett Valley,North Coast Valleys,Dec 2024,0.96, ,9.81,K,148, ,10.7,K,59.6, ,40.3,K,48.6,K,99, ,70, ,90,L,45.4,L,2.2, ,50.7, ,2024
158,Bennett Valley,North Coast Valleys,Jan 2025,1.77,K,1.05, ,241,K,7.7, ,61.1,K,34.6, ,45.7, ,95, ,50, ,75, ,37.4, ,2.3,K,47.7, ,2025
158,Bennett Valley,North Coast Valleys,Feb 2025,1.65,K,10.05,K,247, ,10.0,K,61.3,K,38.2,K,48.7, ,99, ,58, ,83,K,43.8,K,2.6,K,50.6, ,2025
159,Monrovia,Los Angeles Basin,Nov 2024,,N,0.13, ,278, ,8.3,K,73.2, ,46.9,K,58.6, ,75, ,28, ,50,K,38.2,K,2.7, ,62.9, ,2024
159,Monrovia,Los Angeles Basin,Dec 2024,,N,0.0, ,236, ,8.7, ,70.2,K,45.5, ,56.0,K,80, ,38, ,59,K,40.0,K,2.6, ,60.1,K,2024
159,Monrovia,Los Angeles Basin,Jan 2025,,N,0.91, ,273, ,6.4, ,68.6, ,43.5, ,54.7, ,68, ,27, ,46, ,31.1, ,3.1,K,58.9,K,2025
159,Monrovia,Los Angeles Basin,Feb 2025,,N,7.42, ,321, ,10.5,K,71.5,K,48.0,K,58.6,K,87, ,43, ,64,K,45.2,K,1.8,K,60.6, ,2025
160,San Luis Obispo West,Central Coast Valleys,Nov 2024,2.52,K,1.78, ,277, ,8.9, ,67.7, ,41.0, ,52.8, ,88, ,41, ,66, ,40.9, ,3.6, ,56.0, ,2024
160,San Luis Obispo West,Central Coast Valleys,Dec 2024,2.22,K,0.98, ,237, ,9.9,K,66.7,K,42.6, ,53.4,K,89, ,49, ,72,K,43.6,K,3.6, ,52.6, ,2024
160,San Luis Obispo West,Central Coast Valleys,Jan 2025,2.64,K,0.35, ,288,K,7.3, ,65.4, ,37.7, ,50.6, ,83, ,36, ,60, ,35.9, ,4.0, ,50.3,K,2025
160,San Luis Obispo West,Central Coast Valleys,Feb 2025,2.59,K,3.66, ,323,K,10.4, ,65.9,K,42.5, ,53.3,K,93, ,53, ,75,K,45.1,K,4.6,K,52.0, ,2025
163,Atascadero,Central Coast Valleys,Nov 2024,2.07,K,0.85,K,257, ,8.1,K,65.5, ,34.6,K,48.7,K,94, ,42, ,68,K,38.2,K,2.1,K,,M,2024
163,Atascadero,Central Coast Valleys,Dec 2024,1.67,K,0.63,K,218, ,9.4,K,65.8,K,36.7, ,49.0, ,98, ,48, ,78,K,42.3,K,1.9, ,,M,2024
163,Atascadero,Central Coast Valleys,Jan 2025,2.1,K,0.62,K,278,K,6.7, ,64.1,K,30.2, ,44.6, ,95, ,34, ,67, ,33.7, ,2.3, ,45.0,L,2025
163,Atascadero,Central Coast Valleys,Feb 2025,2.42,K,4.68, ,310, ,9.5,K,65.8,K,39.2,K,51.2, ,97, ,45, ,73,K,42.7,K,2.5,K,50.5, ,2025
165,Sisquoc,Central Coast Valleys,Nov 2024,2.46,K,0.0, ,280, ,8.3,K,69.0, ,38.8,K,52.2, ,87, ,37, ,62,K,38.8,K,3.5,K,60.8, ,2024
165,Sisquoc,Central Coast Valleys,Dec 2024,2.11, ,0.0, ,242, ,8.8, ,69.5,K,39.2, ,52.2,K,89, ,40, ,66,K,40.4,K,3.7, ,56.6, ,2024
165,Sisquoc,Central Coast Valleys,Jan 2025,2.75, ,0.0, ,293, ,6.1, ,67.5, ,35.4, ,49.6, ,78, ,28, ,52, ,30.9, ,4.4, ,54.4, ,2025
165,Sisquoc,Central Coast Valleys,Feb 2025,2.79, ,0.0, ,342,K,9.8, ,68.3,K,41.0,K,53.4, ,94, ,46, ,70, ,43.5, ,4.7, ,54.7, ,2025
170,Concord,San Francisco Bay,Nov 2024,1.85, ,1.63, ,223, ,8.9,K,65.0, ,40.6,K,52.6,K,89, ,41, ,66,K,40.7,K,2.8,K,51.2, ,2024
170,Concord,San Francisco Bay,Dec 2024,1.05, ,2.89, ,157, ,10.4,K,59.7,K,41.3,K,49.9,K,98, ,63, ,84,K,44.9,K,2.4,K,48.4, ,2024
170,Concord,San Francisco Bay,Jan 2025,1.72, ,0.35, ,226, ,7.6, ,61.3,K,33.8, ,46.7,K,95, ,45, ,71,K,36.8,K,2.2, ,44.6,K,2025
170,Concord,San Francisco Bay,Feb 2025,1.79, ,3.26, ,269, ,10.3,K,62.8,K,40.0,K,51.0,K,99, ,55, ,79,K,44.7,K,2.9,K,47.6,K,2025
171,Union City,San Francisco Bay,Nov 2024,1.85, ,1.57, ,209, ,9.5, ,64.5, ,43.0,K,53.5, ,90, ,44, ,68, ,42.6, ,2.5,K,55.8, ,2024
171,Union City,San Francisco Bay,Dec 2024,1.25,K,2.41,K,162, ,10.8,K,62.4,K,43.1,K,51.7,K,97, ,60, ,81,L,45.6,L,2.0, ,52.6,K,2024
171,Union City,San Francisco Bay,Jan 2025,1.7, ,0.41, ,212, ,7.8, ,61.4, ,37.9, ,48.8, ,91, ,44, ,67, ,37.4, ,2.0, ,49.3, ,2025
171,Union City,San Francisco Bay,Feb 2025,1.73, ,3.56, ,238, ,10.5,K,62.7,K,42.9,K,52.3, ,96, ,54, ,77,K,45.3,K,2.7,K,52.5, ,2025
173,Torrey Pines,South Coast Valleys,Nov 2024,2.48, ,0.68, ,306, ,11.6,K,63.6, ,51.4, ,57.7, ,87, ,55, ,72,K,47.7,K,4.1,K,59.5,K,2024
173,Torrey Pines,South Coast Valleys,Dec 2024,1.57, ,0.3, ,223, ,12.2, ,60.4, ,49.6, ,55.0, ,93, ,69, ,83, ,49.3, ,3.4, ,58.2, ,2024
173,Torrey Pines,South Coast Valleys,Jan 2025,2.39,K,0.42, ,288, ,8.8,K,64.5,K,46.8, ,54.3,K,82, ,43, ,63,K,39.8,K,2.8, ,55.0, ,2025
173,Torrey Pines,South Coast Valleys,Feb 2025,1.94, ,1.17, ,304, ,13.0, ,62.9,K,49.1, ,54.7, ,98, ,73, ,89, ,51.4, ,2.7, ,57.0, ,2025
174,Long Beach,Los Angeles Basin,Nov 2024,2.6,K,0.08, ,307, ,9.9,K,71.9, ,43.3, ,56.3, ,88, ,36, ,64,K,43.6,K,2.4,K,64.9, ,2024
174,Long Beach,Los Angeles Basin,Dec 2024,1.6, ,0.12,K,214, ,10.7, ,66.9, ,42.6, ,53.6, ,89, ,53, ,77, ,45.8, ,2.1, ,60.8, ,2024
174,Long Beach,Los Angeles Basin,Jan 2025,2.4, ,0.4, ,280,K,7.7, ,67.7, ,39.0, ,52.4, ,83, ,36, ,59, ,36.4, ,2.7,K,58.3,K,2025
174,Long Beach,Los Angeles Basin,Feb 2025,2.41, ,2.97,K,332, ,11.7, ,67.9,K,46.5,K,55.8, ,90, ,55, ,77, ,48.6, ,3.0,K,60.3,K,2025
175,Palo Verde II,Imperial/Coachella Valley,Nov 2024,4.13,K,0.0,K,319, ,5.4,K,75.4, ,39.5, ,57.7,K,61, ,17, ,32,K,28.1,K,5.4,K,66.5,K,2024
175,Palo Verde II,Imperial/Coachella Valley,Dec 2024,3.03, ,0.0, ,268, ,5.0, ,73.4,K,35.4, ,53.1,K,62, ,19, ,36,K,26.7,K,4.0,K,60.2,K,2024
175,Palo Verde II,Imperial/Coachella Valley,Jan 2025,3.86,K,0.04, ,305, ,4.0,K,69.2, ,31.9,K,50.7,K,55, ,17, ,31,K,20.2,K,5.8,K,57.5,L,2025
175,Palo Verde II,Imperial/Coachella Valley,Feb 2025,4.51,K,0.0, ,383,K,5.9, ,80.4,K,43.3,K,61.8,K,57, ,17, ,31,K,30.4,K,5.4,K,63.9,L,2025
178,Moraga,San Francisco Bay,Nov 2024,1.98, ,1.5,K,225, ,8.5,K,62.2, ,38.8,K,50.4, ,91, ,43, ,68,K,39.4,K,3.7,K,54.4, ,2024
178,Moraga,San Francisco Bay,Dec 2024,1.21, ,0.03, ,156, ,9.7,K,58.4, ,39.9,K,48.5, ,97, ,62, ,83,K,43.1,K,3.3,K,51.3,K,2024
178,Moraga,San Francisco Bay,Jan 2025,1.88, ,1.27,K,229, ,6.9, ,59.9,K,33.0, ,45.5, ,94, ,41, ,68, ,34.6, ,3.0, ,48.1, ,2025
178,Moraga,San Francisco Bay,Feb 2025,1.87, ,8.09, ,259,K,9.3,K,60.8,K,38.7,K,49.3, ,96, ,52, ,76,K,42.0,K,3.9,K,51.0, ,2025
179,Winchester,South Coast Valleys,Nov 2024,2.59,K,0.02, ,319, ,7.1, ,71.9, ,35.4,K,52.6, ,81, ,26, ,52, ,34.2, ,2.1, ,43.3,K,2024
179,Winchester,South Coast Valleys,Dec 2024,2.1,K,0.0, ,261, ,6.9, ,71.3, ,33.9, ,50.3, ,81, ,29, ,56, ,34.2, ,1.8, ,40.6,K,2024
179,Winchester,South Coast Valleys,Jan 2025,2.55,K,0.02, ,294, ,5.5, ,66.5,K,30.7, ,48.0, ,75, ,27, ,49, ,26.8, ,2.7, ,38.8,K,2025
179,Winchester,South Coast Valleys,Feb 2025,2.74,K,1.66,K,347, ,9.4,K,70.8,K,40.1,K,54.4, ,94, ,40, ,67,K,42.3,K,3.0, ,43.0,K,2025
181,Westmorland North,Imperial/Coachella Valley,Nov 2024,3.07,K,0.0, ,246, ,8.0, ,74.9, ,45.0, ,59.5, ,70, ,26, ,46, ,38.2, ,4.8,K,64.9, ,2024
181,Westmorland North,Imperial/Coachella Valley,Dec 2024,1.46,K,0.0, ,163,K,9.0, ,73.7,K,40.3, ,54.8, ,82, ,35, ,61, ,41.5, ,3.1, ,58.9, ,2024
181,Westmorland North,Imperial/Coachella Valley,Jan 2025,2.5,K,0.04, ,217, ,6.8, ,69.1, ,36.8, ,52.2, ,78, ,27, ,51, ,33.8, ,4.7,K,55.4, ,2025
181,Westmorland North,Imperial/Coachella Valley,Feb 2025,3.04,K,0.02, ,274,K,9.6, ,78.5,K,45.2,K,60.7,K,79, ,30, ,53,K,43.1,K,4.8,K,61.2, ,2025
182,Delano,San Joaquin Valley,Nov 2024,2.02,K,1.48, ,246, ,9.0,K,71.3,K,37.7,K,51.5, ,93, ,42, ,70,K,41.3,K,2.5,K,57.9, ,2024
182,Delano,San Joaquin Valley,Dec 2024,1.38,K,0.86, ,186, ,9.8,K,68.8,K,36.1, ,48.0, ,99, ,53, ,85,K,43.7,K,2.6,K,52.6,K,2024
182,Delano,San Joaquin Valley,Jan 2025,2.18,K,0.58, ,270, ,7.6, ,69.8,K,31.1, ,46.5, ,98, ,37, ,71, ,37.2, ,2.6,K,48.7, ,2025
182,Delano,San Joaquin Valley,Feb 2025,2.35, ,0.58, ,323, ,9.9, ,66.1, ,40.1, ,52.5, ,96, ,48, ,73, ,44.1, ,3.1,K,53.6, ,2025
183,Owens Lake North,Bishop,Nov 2024,,N,0.15, ,311,K,4.7,K,59.1, ,33.6,K,45.4,K,69,K,26,K,47,K,25.3,K,7.4,K,52.4, ,2024
183,Owens Lake North,Bishop,Dec 2024,,N,0.0, ,251,K,5.4, ,56.8, ,30.4, ,41.3, ,81, ,37, ,61, ,28.7, ,4.3, ,44.6, ,2024
183,Owens Lake North,Bishop,Jan 2025,,N,0.01, ,295,K,3.9, ,53.8,K,28.5,K,40.0,K,68, ,28, ,47,K,20.8,K,8.8,K,41.2, ,2025
183,Owens Lake North,Bishop,Feb 2025,,N,0.7, ,394,K,5.6,K,63.0,K,37.7,K,48.8,L,71,K,25,K,48,L,29.5,L,7.5,K,47.4, ,2025
184,San Diego II,South Coast Valleys,Nov 2024,2.86, ,0.14, ,339,K,10.2, ,70.4, ,49.9,K,59.2, ,84, ,41, ,60, ,44.1, ,3.3,K,65.4, ,2024
184,San Diego II,South Coast Valleys,Dec 2024,2.03,K,0.02, ,261, ,11.3, ,66.2, ,47.8, ,55.9,K,93, ,53, ,75,K,47.0,K,2.9, ,61.3,K,2024
184,San Diego II,South Coast Valleys,Jan 2025,2.77, ,0.41, ,324,K,7.9, ,65.8, ,45.4, ,55.1, ,78, ,35, ,55, ,36.6, ,3.5, ,58.7,K,2025
184,San Diego II,South Coast Valleys,Feb 2025,2.48,K,1.54, ,334, ,12.4, ,67.3,K,49.2, ,56.9,K,98,K,57,K,79,K,50.0,K,3.2,K,61.6,K,2025
187,Black Point,North Coast Valleys,Nov 2024,1.99,K,8.27,K,228, ,9.4,K,63.5, ,38.9,K,51.5, ,90, ,50, ,72,K,42.1,K,4.7,K,62.5,K,2024
187,Black Point,North Coast Valleys,Dec 2024,1.15,K,6.35,K,152, ,10.3,K,58.5, ,40.8,K,49.4,K,94, ,69, ,85,K,45.0,K,4.0,K,58.3,K,2024
187,Black Point,North Coast Valleys,Jan 2025,1.87, ,0.45, ,224, ,7.8, ,61.1,K,33.9, ,46.6,K,93, ,50, ,73,K,37.7,K,3.2, ,55.9,K,2025
187,Black Point,North Coast Valleys,Feb 2025,1.93, ,8.62, ,258, ,10.2,K,61.4, ,41.8,K,51.3, ,93, ,59, ,78,K,44.5,K,5.3,K,58.2,K,2025
189,Owens Lake South,Bishop,Nov 2024,,N,0.19, ,300,K,3.9,K,60.9, ,26.1,K,43.8,K,67, ,21, ,39,L,19.2,L,6.6, ,50.6, ,2024
189,Owens Lake South,Bishop,Dec 2024,,N,0.0, ,243, ,4.2, ,58.5,K,21.2, ,38.3, ,80, ,27, ,53, ,22.5, ,4.2, ,43.3, ,2024
189,Owens Lake South,Bishop,Jan 2025,,N,0.0, ,286, ,3.1, ,55.9,K,20.0,K,38.4,K,64, ,20, ,39,K,14.8,K,7.5, ,41.0, ,2025
189,Owens Lake South,Bishop,Feb 2025,,N,0.38, ,387,K,4.8,K,65.1,K,31.7,K,47.2,L,73,K,19,K,44,L,25.4,L,7.1, ,44.5,K,2025
191,Pleasanton,San Francisco Bay,Nov 2024,2.14,K,2.03, ,234, ,8.7, ,65.0, ,38.5,K,51.5,K,91, ,42, ,67,K,40.2,K,3.4,K,54.6, ,2024
191,Pleasanton,San Francisco Bay,Dec 2024,1.32,K,4.29, ,168, ,9.8,K,62.4, ,39.8,K,49.7,K,96, ,57, ,80,K,43.6,K,2.7,K,51.5, ,2024
191,Pleasanton,San Francisco Bay,Jan 2025,1.95,K,0.19, ,238, ,7.1, ,62.4, ,33.0,K,46.4,K,93, ,40, ,67,K,35.2,K,2.5,K,48.2, ,2025
191,Pleasanton,San Francisco Bay,Feb 2025,2.02,K,5.43,K,267, ,9.5,K,63.1,K,39.2,K,50.7, ,94, ,51, ,74,K,42.7,K,3.8,K,51.2, ,2025
192,Lake Arrowhead,San Bernardino,Nov 2024,2.18,K,1.31,K,301, ,4.7,K,53.7,K,27.0,K,39.4, ,83, ,35, ,58,K,24.6,K,4.3, ,42.1, ,2024
192,Lake Arrowhead,San Bernardino,Dec 2024,2.07,K,0.15,K,262, ,4.3, ,58.1, ,25.7, ,39.7, ,80, ,25, ,51, ,22.6, ,3.2, ,38.8, ,2024
192,Lake Arrowhead,San Bernardino,Jan 2025,2.23,K,1.14,K,287, ,3.2,K,49.3, ,22.3,K,35.5, ,69, ,29, ,47,K,14.7,K,5.1,K,36.3, ,2025
192,Lake Arrowhead,San Bernardino,Feb 2025,2.44,K,6.5,K,337,K,5.8,K,56.3, ,30.2,K,42.3,K,89, ,39, ,63,K,29.7,K,4.8,K,39.3,K,2025
193,Pacific Grove,Monterey Bay,Nov 2024,1.92, ,2.52,K,251, ,11.7, ,60.8, ,43.8,K,53.2, ,95, ,69, ,84, ,48.3, ,4.8,K,59.1,K,2024
193,Pacific Grove,Monterey Bay,Dec 2024,1.56, ,2.33, ,202, ,11.3, ,60.2, ,45.8, ,53.0, ,92, ,67, ,82, ,47.5, ,4.3,K,56.9, ,2024
193,Pacific Grove,Monterey Bay,Jan 2025,1.83, ,0.28, ,249, ,9.2, ,58.6, ,41.5,K,50.1,K,90, ,58, ,75,K,42.3,K,3.9, ,55.2, ,2025
193,Pacific Grove,Monterey Bay,Feb 2025,2.1, ,3.89, ,297,K,11.2, ,59.5,K,45.2,K,52.5, ,92, ,68, ,82, ,47.2, ,5.9,K,56.8, ,2025
194,Oakdale,San Joaquin Valley,Nov 2024,1.84,K,0.95,K,220,K,9.3,K,64.7, ,38.2,K,50.5,K,96,K,48,K,75,K,42.4,K,3.6,K,54.1,K,2024
194,Oakdale,San Joaquin Valley,Dec 2024,1.02, ,2.42, ,155, ,10.5,K,59.1,K,40.3,K,48.9,K,99, ,67, ,88,K,45.5,K,3.7, ,51.3,K,2024
194,Oakdale,San Joaquin Valley,Jan 2025,1.79, ,0.59, ,251, ,7.8, ,59.6, ,31.5, ,44.6, ,98, ,50, ,78, ,38.1, ,3.5,K,47.9, ,2025
194,Oakdale,San Joaquin Valley,Feb 2025,2.0, ,1.73, ,275, ,10.1, ,63.1, ,39.5,K,50.8,K,97, ,55, ,79,K,44.4,K,5.1,K,50.7, ,2025
195,Auburn,Sierra Foothill,Nov 2024,1.46,K,6.26,K,193, ,8.2, ,59.9, ,41.5,K,49.5, ,86, ,48, ,68, ,38.9, ,2.4,K,55.4, ,2024
195,Auburn,Sierra Foothill,Dec 2024,0.85,K,6.87, ,131, ,9.6,K,57.3, ,41.6,K,48.4,K,94, ,63, ,82,K,42.9,K,2.4,K,52.0,K,2024
195,Auburn,Sierra Foothill,Jan 2025,1.73,K,1.39, ,220, ,6.8, ,59.2,K,37.7, ,46.9, ,84, ,42, ,63, ,34.3, ,2.6, ,49.9, ,2025
195,Auburn,Sierra Foothill,Feb 2025,1.83, ,7.36, ,264,K,9.1, ,60.3, ,41.4, ,50.1, ,90, ,53, ,73, ,41.6, ,2.4, ,51.5, ,2025
197,Palmdale,Los Angeles Basin,Nov 2024,2.73, ,0.0, ,285, ,5.6,K,64.4, ,30.3,K,46.7,K,78, ,29, ,50,K,28.6,K,6.0,K,50.6, ,2024
197,Palmdale,Los Angeles Basin,Dec 2024,2.51,K,0.0, ,243, ,5.1, ,67.1,K,29.9, ,46.9,K,70, ,23, ,45,K,26.1,K,5.4, ,49.5,K,2024
197,Palmdale,Los Angeles Basin,Jan 2025,2.87, ,0.65, ,277, ,4.0,K,60.4, ,26.2,K,42.2, ,71, ,23, ,43,K,20.0,K,6.3, ,50.2,K,2025
197,Palmdale,Los Angeles Basin,Feb 2025,3.36, ,0.58, ,337, ,6.6,K,67.0, ,34.8,K,50.9,K,82, ,29, ,52,K,33.1,K,7.0, ,54.8,L,2025
199,Big Bear Lake,San Bernardino,Nov 2024,2.4,K,0.09, ,363,K,3.5,K,54.1,K,23.3,K,37.1, ,70, ,25, ,45,L,16.0,L,3.1,K,43.8, ,2024
199,Big Bear Lake,San Bernardino,Dec 2024,2.11, ,0.01, ,306,K,3.0, ,58.3, ,24.0, ,38.4, ,65, ,16, ,38, ,14.3, ,2.5, ,41.2,K,2024
199,Big Bear Lake,San Bernardino,Jan 2025,2.29,K,0.06,K,369,K,2.4, ,47.5,K,18.6, ,32.0,K,65, ,23, ,41,K,8.7,K,3.5, ,36.7,K,2025
199,Big Bear Lake,San Bernardino,Feb 2025,2.59, ,0.02, ,395,K,4.2,K,53.2, ,25.8, ,38.7, ,81, ,29, ,53,K,21.8,K,3.4, ,38.7,L,2025
200,Indio 2,Imperial/Coachella Valley,Nov 2024,3.56, ,0.02,K,335,K,6.5, ,76.8, ,46.7, ,61.6, ,64, ,18, ,35, ,33.0, ,4.0,K,60.6, ,2024
200,Indio 2,Imperial/Coachella Valley,Dec 2024,2.75, ,0.0, ,262, ,6.8, ,77.0,K,43.8, ,58.6,K,69, ,19, ,41,K,34.1,K,3.3, ,56.5, ,2024
200,Indio 2,Imperial/Coachella Valley,Jan 2025,3.14, ,0.05, ,306,K,5.4, ,71.1, ,41.2,K,55.8, ,63, ,19, ,36, ,27.8, ,4.0,K,53.5, ,2025
200,Indio 2,Imperial/Coachella Valley,Feb 2025,4.01, ,0.36, ,391,K,7.8, ,80.4,K,50.7, ,65.0,K,66, ,20, ,38,K,37.6,K,4.4,K,59.1,K,2025
202,Nipomo,Central Coast Valleys,Nov 2024,2.35, ,1.8,K,279, ,9.7,K,65.9, ,44.2, ,54.2, ,86, ,48, ,67,K,43.0,K,3.4, ,59.3, ,2024
202,Nipomo,Central Coast Valleys,Dec 2024,2.07,K,0.49, ,240, ,10.3,K,66.4,K,45.2, ,54.4,K,90, ,51, ,72,K,45.0,K,3.4, ,57.4,K,2024
202,Nipomo,Central Coast Valleys,Jan 2025,2.39, ,0.35,K,284,K,7.5, ,65.3, ,40.1, ,51.6, ,80, ,38, ,59, ,36.6, ,3.5, ,54.7, ,2025
202,Nipomo,Central Coast Valleys,Feb 2025,2.55,K,2.07,K,312, ,10.6, ,66.5,K,45.7, ,54.5, ,91, ,52, ,74, ,45.8, ,4.3,K,56.3, ,2025
204,Santa Clarita,Los Angeles Basin,Nov 2024,3.49, ,0.04, ,306,K,5.8, ,69.8, ,43.8,K,56.1, ,58, ,24, ,39, ,28.8, ,5.6,K,56.0, ,2024
204,Santa Clarita,Los Angeles Basin,Dec 2024,3.08, ,0.03, ,271,K,5.8, ,71.9, ,44.0,K,56.6,K,58, ,23, ,38,K,28.9,K,4.6, ,52.6, ,2024
204,Santa Clarita,Los Angeles Basin,Jan 2025,3.69,K,0.59, ,308,K,4.6,K,65.6,K,42.0, ,53.0, ,54,K,23,K,37, ,22.5, ,6.3,K,49.6, ,2025
204,Santa Clarita,Los Angeles Basin,Feb 2025,3.38, ,2.52, ,366,K,7.7,K,70.7,K,45.0, ,57.1, ,72, ,32, ,51,K,36.5,K,4.7, ,53.0, ,2025
205,Coalinga,San Joaquin Valley,Nov 2024,,N,1.16, ,273, ,7.3,K,65.9,K,41.5,K,53.7,K,70, ,38, ,54,K,35.2,K,5.0,K,65.2,K,2024
205,Coalinga,San Joaquin Valley,Dec 2024,,N,0.31, ,218, ,9.4, ,62.4,K,39.1, ,49.5,K,92, ,54, ,77,K,42.6,K,4.0,K,55.8,K,2024
205,Coalinga,San Joaquin Valley,Jan 2025,,N,0.18, ,265, ,6.3, ,62.6,K,33.5, ,47.6, ,77, ,36, ,56, ,32.4, ,4.6,K,53.9, ,2025
205,Coalinga,San Joaquin Valley,Feb 2025,,N,0.75, ,313, ,8.4, ,66.8,K,40.7,K,53.5, ,81, ,40, ,60, ,39.5, ,5.7,K,57.2,K,2025
206,Denair II,San Joaquin Valley,Nov 2024,1.99, ,2.66,K,239, ,9.2, ,63.3,K,39.6,K,50.8,K,94, ,49, ,73,K,42.1,K,4.1,K,58.2, ,2024
206,Denair II,San Joaquin Valley,Dec 2024,1.05, ,2.17,K,163, ,10.8, ,58.6, ,41.1, ,49.1,K,99, ,71, ,90,K,46.3,K,4.1,K,54.1, ,2024
206,Denair II,San Joaquin Valley,Jan 2025,1.79,K,0.35, ,262, ,8.0, ,59.6, ,32.1, ,44.8, ,99, ,52, ,80, ,38.7, ,3.4,K,49.3, ,2025
206,Denair II,San Joaquin Valley,Feb 2025,2.11, ,1.61,K,299,K,10.4, ,63.1, ,40.5, ,51.4, ,98, ,57, ,79, ,45.1, ,5.4,K,50.9, ,2025
207,Borrego Springs,Imperial/Coachella Valley,Nov 2024,2.82,K,0.0, ,349,K,5.8, ,75.0, ,41.5, ,58.2, ,59, ,18, ,34, ,29.3, ,1.6, ,,M,2024
207,Borrego Springs,Imperial/Coachella Valley,Dec 2024,2.21,K,1.91,L,308,L,4.6,L,75.2,L,38.4,L,55.1,L,54,L,16,L,31,L,24.4,L,2.1,L,,M,2024
207,Borrego Springs,Imperial/Coachella Valley,Jan 2025,2.76,K,3.49,L,355,L,4.3,L,68.5,L,34.4,L,51.6,L,53,L,19,L,33,L,21.6,L,2.8,L,,M,2025
207,Borrego Springs,Imperial/Coachella Valley,Feb 2025,3.78, ,1.88,K,432,K,6.7, ,77.2,K,45.0, ,61.3,K,59, ,22, ,37,K,33.5,K,3.0,K,67.7,L,2025
208,La Quinta II,Imperial/Coachella Valley,Nov 2024,2.14,K,0.06,L,173,L,6.2,L,75.6,L,49.2,L,62.6,L,59,L,16,L,32,L,31.7,L,1.9,L,47.4,L,2024
208,La Quinta II,Imperial/Coachella Valley,Dec 2024,2.01,K,0.0,L,224,L,6.1,L,67.9,L,39.5,L,51.2,L,70,L,25,L,48,L,31.8,L,2.1,L,57.5,L,2024
208,La Quinta II,Imperial/Coachella Valley,Jan 2025,2.69,K,0.0, ,278, ,4.4,K,63.8, ,36.4,K,49.5,K,61, ,20, ,37,K,23.3,K,3.2,K,54.6,K,2025
208,La Quinta II,Imperial/Coachella Valley,Feb 2025,3.47, ,0.0, ,373,K,7.6, ,76.7,K,48.6, ,61.9,K,66, ,23, ,41,K,37.2,K,3.0, ,59.9, ,2025
209,Watsonville West II,Monterey Bay,Nov 2024,2.11,K,2.31,K,248, ,10.2, ,63.0, ,45.2, ,53.2, ,92, ,53, ,75, ,44.6, ,4.7,K,61.5, ,2024
209,Watsonville West II,Monterey Bay,Dec 2024,1.58,K,2.85,K,201,K,11.1,K,61.8, ,45.7,K,52.9,K,95, ,63, ,81,K,46.8,K,4.7,K,57.4,K,2024
209,Watsonville West II,Monterey Bay,Jan 2025,1.96, ,0.42, ,232,K,8.1, ,60.0, ,41.1,K,49.8, ,84, ,49, ,67, ,38.6, ,4.2, ,54.3, ,2025
209,Watsonville West II,Monterey Bay,Feb 2025,2.05,K,4.38, ,279, ,10.4, ,60.9,K,44.0, ,51.6, ,93, ,60, ,79, ,45.3, ,5.5,K,54.6, ,2025
210,Carmel,Monterey Bay,Nov 2024,2.05, ,2.54, ,238, ,9.4,K,66.7, ,41.7, ,52.1, ,89, ,46, ,71,K,42.3,K,3.1,K,61.6, ,2024
210,Carmel,Monterey Bay,Dec 2024,1.59, ,2.94, ,186, ,10.5,K,65.4, ,43.0,K,52.3, ,91, ,55, ,77,K,45.0,K,3.0,K,57.4,K,2024
210,Carmel,Monterey Bay,Jan 2025,1.9, ,0.06, ,223, ,7.7, ,62.9, ,37.7,K,48.1, ,85, ,43, ,68, ,37.5, ,3.0, ,54.6, ,2025
210,Carmel,Monterey Bay,Feb 2025,2.11, ,3.64,K,281, ,10.3, ,64.3,K,42.0,K,51.7, ,93, ,57, ,78, ,45.1, ,3.4,K,56.1, ,2025
211,Gilroy,Monterey Bay,Nov 2024,,N,2.07, ,263, ,9.0, ,67.5, ,38.9, ,52.6, ,90, ,40, ,67, ,41.2, ,4.0,K,60.6,L,2024
211,Gilroy,Monterey Bay,Dec 2024,,N,2.3, ,164, ,10.7,K,64.4,K,40.7,K,51.1,K,97, ,58, ,82,K,45.6,K,3.6,K,60.7,L,2024
211,Gilroy,Monterey Bay,Jan 2025,,N,0.12, ,259, ,7.6, ,64.1, ,33.6, ,47.1,K,92, ,42, ,69,K,37.1,K,3.7,K,52.4,L,2025
211,Gilroy,Monterey Bay,Feb 2025,,N,5.38, ,288,K,10.3, ,65.4, ,41.5, ,52.6, ,95, ,52, ,76, ,45.0, ,4.8,K,59.1,L,2025
212,Hastings Tract East,Sacramento Valley,Nov 2024,1.93, ,2.59, ,216, ,8.8, ,64.0, ,38.5,K,50.5, ,91, ,46, ,70, ,40.4, ,4.4,K,54.4, ,2024
212,Hastings Tract East,Sacramento Valley,Dec 2024,1.04, ,3.37,K,148, ,10.0,K,59.6,K,38.7,K,47.9,K,99, ,65, ,87,K,44.2,K,4.5,K,50.7, ,2024
212,Hastings Tract East,Sacramento Valley,Jan 2025,2.02, ,0.57, ,233, ,7.3, ,62.0,K,32.8,K,45.6,K,94, ,44, ,71,K,35.9,K,4.2, ,47.2, ,2025
212,Hastings Tract East,Sacramento Valley,Feb 2025,1.97, ,4.01, ,267, ,9.7, ,63.1, ,39.4,K,50.5, ,97, ,54, ,76, ,43.0, ,5.7,K,50.2, ,2025
213,El Cerrito,San Francisco Bay,Nov 2024,1.94, ,4.34,K,221, ,9.0, ,60.7, ,46.8, ,53.3, ,80, ,48, ,65, ,40.8, ,4.4,K,57.6, ,2024
213,El Cerrito,San Francisco Bay,Dec 2024,1.41, ,3.42,K,166, ,10.0,K,59.1, ,47.2,K,52.8, ,84, ,61, ,74,K,44.0,K,4.8,K,54.0, ,2024
213,El Cerrito,San Francisco Bay,Jan 2025,2.01,K,0.55,L,217,L,7.4,L,59.0,L,43.6,L,50.8,L,81,L,46,L,60,L,35.9,L,3.9,L,51.9,L,2025
213,El Cerrito,San Francisco Bay,Feb 2025,1.8, ,6.82, ,251, ,9.6, ,58.8, ,44.2, ,51.0, ,89, ,57, ,74, ,42.8, ,4.8,K,52.3, ,2025
214,Salinas South II,Monterey Bay,Nov 2024,2.53, ,1.67, ,259, ,9.7, ,66.1, ,42.2, ,52.7,K,92, ,47, ,72,K,43.2,K,6.5,K,55.4, ,2024
214,Salinas South II,Monterey Bay,Dec 2024,1.75,K,2.3,K,199,K,10.9,K,65.7,K,43.3,K,52.3,K,96,K,59,K,81,K,46.3,K,6.0,K,54.0,K,2024
214,Salinas South II,Monterey Bay,Jan 2025,2.2, ,0.34, ,247, ,8.2, ,63.3, ,37.6,K,48.3, ,92, ,45, ,72, ,39.1, ,5.7, ,51.1, ,2025
214,Salinas South II,Monterey Bay,Feb 2025,2.5, ,1.97, ,305, ,10.9, ,65.2,K,42.7,K,52.3, ,99, ,53, ,81, ,46.5, ,6.9,K,52.6, ,2025
215,Chatsworth,Los Angeles Basin,Nov 2024,3.34,K,0.59, ,295, ,6.0,L,70.7,L,50.0,L,58.8,K,58,K,23,K,37,L,29.0,L,4.5, ,59.1, ,2024
215,Chatsworth,Los Angeles Basin,Dec 2024,2.8,K,0.02,K,248,K,6.8,K,71.4, ,48.5,K,59.0,K,63,K,27,K,43,K,32.8,K,4.0,K,55.1,K,2024
215,Chatsworth,Los Angeles Basin,Jan 2025,3.75, ,1.42, ,285, ,5.0, ,65.7,K,44.9, ,55.4, ,58, ,24, ,37, ,23.7, ,6.4, ,51.5, ,2025
215,Chatsworth,Los Angeles Basin,Feb 2025,3.44, ,5.05, ,340,K,7.7, ,70.5, ,50.5,K,59.8,K,67, ,34, ,49,K,36.2,K,4.9, ,54.7, ,2025
216,Arleta,Los Angeles Basin,Nov 2024,,N,0.18,K,296, ,6.4,L,72.4,L,46.5,L,58.3,L,62,K,23,K,39,L,30.8,L,3.0,K,62.7, ,2024
216,Arleta,Los Angeles Basin,Dec 2024,,N,0.05,K,241,K,6.8,K,70.2,K,45.0, ,56.0,K,65,K,30,K,47,K,33.4,K,3.2,K,59.1,K,2024
216,Arleta,Los Angeles Basin,Jan 2025,,N,1.03,K,277,K,5.0, ,67.8,K,41.8, ,54.1, ,58, ,23, ,38, ,24.5, ,4.3,K,55.8, ,2025
216,Arleta,Los Angeles Basin,Feb 2025,,N,3.22, ,334,L,8.8,K,70.7,K,47.1, ,57.9,K,76, ,38, ,56,K,40.1,K,3.9,K,57.2, ,2025
217,Moorpark,Central Coast Valleys,Nov 2024,3.08, ,0.78, ,294, ,7.8, ,70.6, ,46.3, ,57.4, ,74, ,30, ,50, ,36.0, ,3.9,K,64.9, ,2024
217,Moorpark,Central Coast Valleys,Dec 2024,2.41,K,0.39,K,247,K,8.4,K,69.7,K,45.4,K,56.1,K,82,K,37,K,59,K,38.6,K,3.6,K,61.3,K,2024
217,Moorpark,Central Coast Valleys,Jan 2025,3.37,K,1.7, ,285, ,5.7, ,67.6,K,43.7, ,55.3, ,65, ,27, ,43, ,27.4, ,4.7,K,59.5,K,2025
217,Moorpark,Central Coast Valleys,Feb 2025,3.04, ,3.52,K,350,K,9.4,K,70.5,K,46.7,K,57.5,K,85,K,40,K,62,K,41.9,K,3.9,K,60.5,K,2025
218,Thermal South,Imperial/Coachella Valley,Nov 2024,3.39,K,0.0, ,316, ,7.3, ,75.2, ,41.2, ,57.7,K,70, ,21, ,45,K,36.0,K,4.3,K,60.2, ,2024
218,Thermal South,Imperial/Coachella Valley,Dec 2024,2.42,K,0.0,K,264,K,7.8,K,75.1,K,39.3, ,54.3,K,76,K,27,K,54, ,37.7, ,4.0,K,56.0,K,2024
218,Thermal South,Imperial/Coachella Valley,Jan 2025,3.27,K,0.02, ,299, ,5.9, ,69.4, ,35.7,K,52.1,K,71, ,23, ,45,K,30.1,K,5.2,K,52.7,K,2025
218,Thermal South,Imperial/Coachella Valley,Feb 2025,3.93, ,0.07, ,374, ,8.4, ,78.5, ,45.2,K,61.2, ,72, ,24, ,46, ,39.5, ,5.3,K,56.9, ,2025
220,Palmdale Central,Los Angeles Basin,Nov 2024,2.72,K,0.19, ,303, ,5.1,K,65.5, ,35.8,K,50.5, ,65, ,22, ,40,K,25.6,K,3.3,K,53.7, ,2024
220,Palmdale Central,Los Angeles Basin,Dec 2024,2.41,K,0.06,K,246,K,4.9,K,68.9,K,36.5,K,51.7,K,57,K,20,K,37,K,24.9,K,2.7,K,49.5,K,2024
220,Palmdale Central,Los Angeles Basin,Jan 2025,2.66,K,0.8,K,290,K,3.8, ,62.2,K,30.7,K,46.5, ,57, ,20, ,35, ,18.1, ,3.5,K,46.3, ,2025
220,Palmdale Central,Los Angeles Basin,Feb 2025,3.25,K,1.19,K,365, ,7.3,K,73.5,L,41.6,K,56.7,K,74,K,27,K,47,K,35.5,K,3.9,K,52.1,K,2025
221,Cadiz Valley,San Bernardino,Nov 2024,3.89, ,0.0, ,303, ,3.7, ,72.5, ,44.3, ,58.4, ,35, ,13, ,22, ,18.5, ,5.1, ,65.8,K,2024
221,Cadiz Valley,San Bernardino,Dec 2024,3.0,K,0.0,K,254,K,3.6,K,71.6,K,42.0, ,55.6,K,35,K,15,K,24, ,18.1, ,4.1,K,59.6,K,2024
221,Cadiz Valley,San Bernardino,Jan 2025,3.67, ,0.44, ,286, ,3.3, ,66.0,K,37.9,K,52.2, ,38, ,15, ,25, ,13.8, ,5.9,K,56.0,K,2025
221,Cadiz Valley,San Bernardino,Feb 2025,4.31, ,0.21, ,355, ,5.7, ,76.3,K,49.2,K,62.8, ,52, ,17, ,30, ,28.5, ,5.4,K,60.9,K,2025
222,Gerber South,Sacramento Valley,Nov 2024,1.84, ,5.47, ,195, ,9.0, ,61.8, ,40.9,K,50.2,K,92, ,49, ,72,K,41.1,K,7.1,K,54.1, ,2024
222,Gerber South,Sacramento Valley,Dec 2024,0.94,K,5.98,K,130,K,9.8,K,57.9, ,40.6,K,48.4,K,95,K,68,K,83,K,43.3,K,6.1,K,50.0,K,2024
222,Gerber South,Sacramento Valley,Jan 2025,2.4, ,0.46, ,231,K,7.0,K,61.8,K,36.4,K,48.0, ,84, ,42, ,62,K,34.4,K,6.2,K,47.3, ,2025
222,Gerber South,Sacramento Valley,Feb 2025,1.92, ,5.07,K,252,K,9.1, ,61.2,K,39.5,K,49.6, ,93, ,53, ,74, ,41.1, ,7.1,K,48.5, ,2025
223,North Hollywood,Los Angeles Basin,Nov 2024,2.45,K,0.04,K,278, ,8.3, ,72.8, ,43.4,K,56.9, ,86, ,29, ,52, ,38.5, ,1.8,K,58.7, ,2024
223,North Hollywood,Los Angeles Basin,Dec 2024,1.75,K,0.09, ,214, ,9.3, ,70.6, ,42.9, ,54.8, ,92, ,38, ,64, ,41.8, ,1.7, ,55.3, ,2024
223,North Hollywood,Los Angeles Basin,Jan 2025,2.3,K,1.11, ,258,K,6.7, ,68.6,K,40.1,K,52.9,K,79, ,29, ,51,K,32.4,K,2.0,K,52.4, ,2025
223,North Hollywood,Los Angeles Basin,Feb 2025,2.52,K,4.5,K,319, ,10.5, ,71.2,K,46.2, ,57.4, ,90, ,43, ,66, ,45.2, ,2.1, ,57.5, ,2025
224,Shasta College,Sacramento Valley,Nov 2024,1.43, ,14.2,K,187,K,8.2, ,60.1,K,38.3, ,48.7, ,94, ,49, ,71, ,38.7, ,3.3,K,53.4, ,2024
224,Shasta College,Sacramento Valley,Dec 2024,0.9, ,13.08, ,126, ,8.9,K,57.5, ,38.4,K,47.3, ,95, ,62, ,80,K,40.7,K,3.5,K,48.3,K,2024
224,Shasta College,Sacramento Valley,Jan 2025,2.35, ,2.3, ,223,K,6.1, ,62.3, ,36.9,K,48.8,K,78, ,35, ,55,L,30.8,L,4.3,K,47.4, ,2025
224,Shasta College,Sacramento Valley,Feb 2025,1.66, ,13.15, ,227,K,8.1,K,59.5,K,37.8, ,48.3,K,92, ,50, ,70,K,37.9,K,4.0,K,48.0, ,2025
225,Scott Valley,Northeast Plateau,Nov 2024,0.85, ,6.74, ,135, ,6.3, ,47.8,K,28.3, ,37.1, ,98, ,62, ,84, ,32.5, ,3.9,K,47.0, ,2024
225,Scott Valley,Northeast Plateau,Dec 2024,0.5,K,5.23,K,95,K,6.8,K,46.6,K,29.7,K,36.5,K,99,K,72,K,92,K,34.2,K,3.6,K,42.8,K,2024
225,Scott Valley,Northeast Plateau,Jan 2025,0.96, ,1.43,K,175, ,5.4,K,48.6, ,22.8,K,33.4, ,97, ,54, ,81,K,27.9,K,2.6, ,39.5, ,2025
225,Scott Valley,Northeast Plateau,Feb 2025,1.12,K,5.28,K,200, ,6.1,K,47.4,K,24.8,K,35.0,K,99, ,63, ,87,L,33.0,L,3.5,K,39.4,K,2025
226,Woodland,Sacramento Valley,Nov 2024,1.91,K,0.95,K,204, ,9.0, ,64.1,K,41.8, ,52.1, ,84, ,50, ,68, ,40.8, ,4.6,K,,M,2024
226,Woodland,Sacramento Valley,Dec 2024,0.94,K,0.21,K,141,K,10.4,K,59.1, ,42.1,K,49.8,K,92,K,72,K,85,K,45.0,K,4.5,K,,M,2024
226,Woodland,Sacramento Valley,Jan 2025,2.18, ,0.35,K,220, ,7.4, ,62.2, ,36.8,K,48.5,K,82, ,45, ,65,K,36.3,K,4.5,K,,M,2025
226,Woodland,Sacramento Valley,Feb 2025,1.92, ,0.43,K,252, ,9.7,K,62.8, ,42.2,K,51.9, ,86, ,56, ,72,K,42.9,K,5.3,K,,M,2025
227,Plymouth,Sierra Foothill,Nov 2024,1.76, ,3.1, ,210, ,7.5, ,60.1, ,38.6, ,49.1, ,86, ,43, ,64, ,36.6, ,3.0,K,54.2, ,2024
227,Plymouth,Sierra Foothill,Dec 2024,1.06,K,5.83,K,159,K,9.2,K,58.9, ,39.9,K,48.2,K,93,K,58,K,79,L,41.5,L,3.2,K,51.0,K,2024
227,Plymouth,Sierra Foothill,Jan 2025,1.75, ,1.29, ,225, ,6.5, ,57.6, ,35.6, ,45.5, ,82, ,43, ,63, ,33.2, ,3.1, ,48.0, ,2025
227,Plymouth,Sierra Foothill,Feb 2025,1.74,K,7.87, ,262, ,8.9,K,58.4,K,39.7,K,49.0,K,91, ,55, ,75,K,41.1,K,3.7,K,50.7, ,2025
228,Diamond Springs,Sierra Foothill,Nov 2024,1.92, ,3.73,K,227,K,7.0, ,58.7, ,41.2, ,49.2, ,81, ,42, ,61, ,35.0, ,3.8,K,52.6, ,2024
228,Diamond Springs,Sierra Foothill,Dec 2024,1.3,K,1.18,K,171,K,8.6,K,59.7,K,42.6,K,49.9,K,88,K,49,K,71,K,40.0,K,4.0,K,48.3,K,2024
228,Diamond Springs,Sierra Foothill,Jan 2025,2.0, ,1.34, ,255,K,6.0, ,57.9, ,38.9, ,47.6, ,75, ,35, ,54, ,30.6, ,3.4, ,44.9, ,2025
228,Diamond Springs,Sierra Foothill,Feb 2025,1.96, ,7.0, ,266,K,8.4,K,57.5, ,40.9, ,48.9, ,90, ,53, ,71,K,39.3,K,4.9,K,48.8, ,2025
229,Laguna Seca,Monterey Bay,Nov 2024,1.81,K,2.08, ,219, ,9.1, ,65.9, ,37.7, ,50.2,K,93, ,47, ,74,K,41.6,K,2.2,K,55.7,L,2024
229,Laguna Seca,Monterey Bay,Dec 2024,1.38,K,2.59,K,170,K,10.1,K,68.8,K,38.3,K,50.4,K,94,K,52,K,79,K,44.0,K,2.5,K,54.7,K,2024
229,Laguna Seca,Monterey Bay,Jan 2025,1.86,K,0.19, ,212, ,7.5, ,72.2,K,31.6,K,46.3, ,96, ,34, ,70, ,36.9, ,2.4, ,60.3,L,2025
229,Laguna Seca,Monterey Bay,Feb 2025,2.08,K,3.47, ,260, ,10.1,K,71.3,K,36.7,K,50.8, ,98, ,48, ,79,K,44.3,K,2.8,K,55.8,L,2025
231,Lompoc,Central Coast Valleys,Nov 2024,,N,0.54, ,286, ,9.8, ,65.4, ,37.7, ,50.6,K,94, ,52, ,77,K,43.3,K,1.0,K,54.5, ,2024
231,Lompoc,Central Coast Valleys,Dec 2024,,N,0.57,K,241,K,10.3,K,64.9,K,38.6, ,50.3,K,96,K,58,K,82, ,44.8, ,2.9,K,52.9,K,2024
231,Lompoc,Central Coast Valleys,Jan 2025,,N,0.22, ,295,K,7.6, ,64.1, ,33.0, ,47.0, ,91, ,40, ,69, ,37.1, ,4.2, ,50.1, ,2025
231,Lompoc,Central Coast Valleys,Feb 2025,,N,1.69,K,349,K,10.8, ,64.5,K,42.1, ,52.7, ,96, ,57, ,79, ,46.4, ,6.8,K,55.0, ,2025
232,Santa Maria II,Central Coast Valleys,Nov 2024,,N,1.52, ,281, ,9.5,K,71.1, ,41.5,K,53.9, ,89, ,40, ,67,K,42.5,K,2.8, ,59.4, ,2024
232,Santa Maria II,Central Coast Valleys,Dec 2024,,N,0.51, ,243,K,10.4,K,70.1,K,42.4, ,53.8,K,92, ,48, ,73,K,45.0,K,2.5, ,55.2, ,2024
232,Santa Maria II,Central Coast Valleys,Jan 2025,,N,0.24,K,279,K,7.4,K,69.1, ,37.3, ,51.0,K,84,K,33,K,59,K,36.0,K,2.5,K,52.7,K,2025
232,Santa Maria II,Central Coast Valleys,Feb 2025,,N,1.92,K,332,K,10.8, ,69.4,K,44.3,K,54.8, ,93, ,48, ,74, ,46.2, ,4.0,K,55.3, ,2025
233,Joshua Tree,San Bernardino,Nov 2024,,N,0.0, ,315, ,4.0, ,67.3, ,36.2,K,51.7,K,49, ,17, ,30,K,19.7,K,3.1, ,60.3,K,2024
233,Joshua Tree,San Bernardino,Dec 2024,,N,0.0,K,271,K,3.8,K,69.2,K,35.2, ,51.0,K,46,K,17,K,29,K,18.8,K,2.4,K,55.0,K,2024
233,Joshua Tree,San Bernardino,Jan 2025,,N,0.48, ,293, ,3.2,K,60.7,K,30.4,K,45.4,K,48,K,18,K,31,K,13.6,K,3.5,K,50.8,K,2025
233,Joshua Tree,San Bernardino,Feb 2025,,N,0.49, ,394,K,5.5,K,70.9, ,41.6,K,56.2,K,59, ,20, ,36,K,27.9,K,3.8,K,53.0, ,2025
235,Verona,Sacramento Valley,Nov 2024,1.94, ,4.12, ,225, ,8.7, ,63.0, ,37.3, ,49.4, ,93, ,46, ,72, ,40.4, ,4.7,K,54.1, ,2024
235,Verona,Sacramento Valley,Dec 2024,0.99,K,3.83,K,146,K,9.8,K,58.3, ,39.0,K,47.9,K,95,K,69,K,85,K,43.6,K,4.8,K,50.4,K,2024
235,Verona,Sacramento Valley,Jan 2025,2.09, ,0.65, ,245,K,7.5, ,60.8,K,33.0, ,45.6, ,92, ,47, ,72, ,36.6, ,4.7,K,48.1, ,2025
235,Verona,Sacramento Valley,Feb 2025,1.97, ,4.09, ,277,K,9.5, ,62.1, ,39.8,K,50.2, ,93, ,53, ,76, ,42.6, ,5.9,K,51.2, ,2025
236,Macdoel II,Northeast Plateau,Nov 2024,1.09, ,2.41,K,163, ,5.3, ,46.1,K,23.6, ,33.9, ,94, ,59, ,80, ,28.1, ,5.7,K,40.5, ,2024
236,Macdoel II,Northeast Plateau,Dec 2024,0.93,K,2.44,K,135,K,5.4,K,47.8,K,22.4, ,33.6,K,95,K,57,K,81, ,28.4, ,4.9,K,34.8,K,2024
236,Macdoel II,Northeast Plateau,Jan 2025,1.23, ,0.72, ,193, ,4.3,K,49.7, ,16.5,K,30.1, ,91, ,44, ,72,K,21.9,K,3.8, ,33.5,K,2025
236,Macdoel II,Northeast Plateau,Feb 2025,1.22,K,2.11, ,206, ,4.4,K,43.5,K,17.9,L,31.5,L,94,K,62,K,84,L,27.1,L,4.5,K,32.3, ,2025
237,Temecula East III,South Coast Valleys,Nov 2024,3.21, ,0.04, ,339,K,6.7, ,72.2, ,43.7, ,56.5, ,66, ,24, ,44, ,32.3, ,4.5, ,57.6,K,2024
237,Temecula East III,South Coast Valleys,Dec 2024,2.64,K,0.0,K,281,K,6.5,K,71.4, ,43.6, ,56.0,K,62,K,27,K,45,K,32.0,K,4.3,K,55.7,K,2024
237,Temecula East III,South Coast Valleys,Jan 2025,3.1,K,0.8,K,320,K,5.0, ,67.2,K,39.2, ,52.3, ,59, ,24, ,40, ,23.5, ,4.8,K,52.9, ,2025
237,Temecula East III,South Coast Valleys,Feb 2025,3.17,K,1.3,K,366,K,8.7,K,71.0, ,46.0,K,57.1,K,78, ,37, ,57,K,39.8,K,4.8, ,55.5, ,2025
239,Hemet,South Coast Valleys,Nov 2024,,N,0.04,L,400,L,6.4,L,84.2,L,43.5,L,60.7,L,60,L,17,L,36,L,29.2,L,4.3,L,65.3,L,2024
239,Hemet,South Coast Valleys,Dec 2024,,N,0.14,L,260,L,6.1,L,73.8,L,42.7,L,56.6,L,63,L,21,L,40,L,29.7,L,2.8,L,59.9,L,2024
239,Hemet,South Coast Valleys,Jan 2025,,N,0.4,K,287, ,4.9,K,70.5,K,39.3, ,53.5,K,60,K,20,K,38,K,22.3,K,3.4,K,56.3,K,2025
239,Hemet,South Coast Valleys,Feb 2025,,N,1.7, ,359, ,8.7,K,74.7,K,45.6, ,58.7,K,80,K,31,K,54,K,40.0,K,3.7,K,56.5, ,2025
240,Perris - Menifee,South Coast Valleys,Nov 2024,3.27, ,0.0, ,313, ,6.8, ,74.5, ,39.2, ,56.0, ,80, ,19, ,44, ,32.8, ,4.2,K,59.9, ,2024
240,Perris - Menifee,South Coast Valleys,Dec 2024,2.57,K,0.0,K,251,K,6.9,K,74.8, ,37.9, ,54.4,K,89,K,23,K,49, ,33.7, ,3.3,K,53.1,K,2024
240,Perris - Menifee,South Coast Valleys,Jan 2025,3.3, ,0.0, ,283, ,5.6,K,67.3, ,36.1, ,51.2, ,77, ,23, ,46,K,26.4,K,5.2,K,50.5,K,2025
240,Perris - Menifee,South Coast Valleys,Feb 2025,3.05, ,0.0, ,355, ,9.3,K,72.0, ,43.3,K,56.4, ,96, ,33, ,61,K,41.8,K,4.5,K,56.1,K,2025
241,San Clemente,South Coast Valleys,Nov 2024,2.75, ,0.09, ,310, ,9.6, ,68.5, ,43.4,K,55.3,K,83, ,43, ,65,K,42.6,K,4.3,K,58.7, ,2024
241,San Clemente,South Coast Valleys,Dec 2024,1.94,K,0.02,K,236,K,10.1,K,66.1,K,43.3, ,53.4,K,86,K,53,K,73, ,44.0, ,3.9,K,55.9,K,2024
241,San Clemente,South Coast Valleys,Jan 2025,2.85,K,0.54, ,287, ,7.2,K,66.4,K,40.2, ,52.8,K,75,K,35,K,55,K,34.2,K,4.5,K,52.9,K,2025
241,San Clemente,South Coast Valleys,Feb 2025,2.51,K,2.88, ,344,K,11.3, ,66.0,K,45.0,K,54.6, ,92, ,58, ,78, ,47.6, ,3.6,K,57.0, ,2025
242,Staten Island,San Joaquin Valley,Nov 2024,1.87,K,2.51, ,191, ,9.4, ,64.5, ,38.3,K,50.8, ,97, ,47, ,75, ,42.4, ,4.2,K,57.9, ,2024
242,Staten Island,San Joaquin Valley,Dec 2024,0.83,K,2.79,K,134,K,11.3,K,59.3, ,41.0,K,49.0,K,100,K,78,K,94,K,47.3,K,4.6,K,54.0,K,2024
242,Staten Island,San Joaquin Valley,Jan 2025,1.89,K,0.34, ,216, ,8.6, ,61.4, ,33.6,K,45.9, ,99, ,54, ,82, ,40.3, ,3.7,K,51.2, ,2025
242,Staten Island,San Joaquin Valley,Feb 2025,1.83,K,3.08, ,260, ,11.4,K,63.1, ,40.5, ,51.2, ,99, ,64, ,87,K,47.6,K,5.5,K,52.3, ,2025
243,Ryde,Sacramento Valley,Nov 2024,1.92,K,3.25, ,220, ,9.2, ,62.9, ,35.9, ,49.4, ,98, ,49, ,77, ,41.8, ,4.3,K,54.4, ,2024
243,Ryde,Sacramento Valley,Dec 2024,0.82,K,3.26,K,140,K,10.9,K,58.2, ,39.3,K,48.1,K,100,K,78,K,94,L,46.0,L,4.5,K,52.0,K,2024
243,Ryde,Sacramento Valley,Jan 2025,1.92, ,0.61, ,232, ,8.1,K,59.7,K,31.3,K,44.8, ,99, ,51, ,80,K,38.6,K,4.4,K,48.5,K,2025
243,Ryde,Sacramento Valley,Feb 2025,1.78, ,3.83, ,260, ,10.8,K,62.0, ,39.2, ,50.5, ,100, ,60, ,85,K,46.0,K,5.3,K,51.4, ,2025
244,Biggs,Sacramento Valley,Nov 2024,1.74, ,6.87, ,198, ,9.3, ,63.9,K,40.9, ,50.8, ,94, ,49, ,73, ,42.2, ,4.5,K,53.5, ,2024
244,Biggs,Sacramento Valley,Dec 2024,0.91,K,3.57,K,130,K,10.2,K,58.0, ,41.4,K,48.8,K,97,K,71,K,86,K,44.7,K,4.4,K,49.4,K,2024
244,Biggs,Sacramento Valley,Jan 2025,2.06, ,0.71, ,227, ,7.8,K,61.9,K,37.4,K,48.1, ,91, ,46, ,69,K,37.7,K,4.5, ,46.8, ,2025
244,Biggs,Sacramento Valley,Feb 2025,1.81, ,5.0, ,257, ,9.8, ,61.9,K,42.3,K,50.9, ,94, ,55, ,76, ,43.4, ,5.3,K,48.5, ,2025
245,Coto de Caza,South Coast Valleys,Nov 2024,2.79, ,0.23, ,306, ,8.7, ,72.6, ,44.4, ,57.3, ,81, ,32, ,55, ,39.8, ,3.0,K,60.2, ,2024
245,Coto de Caza,South Coast Valleys,Dec 2024,2.15,K,0.03,K,242,K,9.2,K,70.5,K,44.1, ,55.5,K,84,K,40,K,65,L,41.6,L,2.8,K,57.5,K,2024
245,Coto de Caza,South Coast Valleys,Jan 2025,2.84, ,0.7, ,288,K,6.5,K,68.4,K,41.8, ,55.0,K,71, ,29, ,48,K,31.0,K,3.8,K,54.6, ,2025
245,Coto de Caza,South Coast Valleys,Feb 2025,2.69,K,4.58,L,310,L,10.7,L,68.8,L,46.5,L,56.9,L,90,L,46,L,69,L,45.7,L,3.3,L,57.2,L,2025
246,Markleeville,Eastern Sierra Basin & Range,Nov 2024,2.58, ,10.04,K,221,K,3.9, ,49.5,K,24.0, ,36.4, ,80, ,32, ,55, ,20.6, ,8.4,K,43.1, ,2024
246,Markleeville,Eastern Sierra Basin & Range,Dec 2024,1.92,K,1.7,K,196,K,4.4,K,50.6, ,26.1, ,37.1,K,80,K,31,K,58,K,23.1,K,7.7,K,38.1,K,2024
246,Markleeville,Eastern Sierra Basin & Range,Jan 2025,1.8, ,3.98,K,234,K,3.4, ,46.7,K,20.2, ,32.1, ,80, ,31, ,55, ,17.0, ,5.7, ,35.6, ,2025
246,Markleeville,Eastern Sierra Basin & Range,Feb 2025,3.0, ,13.94,K,311,K,4.0,K,50.7, ,27.0,K,38.7,K,78, ,28, ,50,K,20.4,K,9.4,K,37.5, ,2025
247,Jersey Island,San Francisco Bay,Nov 2024,2.24, ,1.24, ,223, ,9.3, ,65.0,K,40.0, ,52.2, ,90, ,48, ,70, ,42.2, ,5.8,K,59.8, ,2024
247,Jersey Island,San Francisco Bay,Dec 2024,0.91,K,2.65,K,139,K,10.2,K,59.3, ,39.8,K,48.5,K,97,K,69,K,87,K,44.8,K,4.5,K,54.1,K,2024
247,Jersey Island,San Francisco Bay,Jan 2025,2.05, ,0.24, ,229, ,7.9,K,61.8,K,32.8,K,46.3, ,95, ,48, ,74,K,38.2,K,5.0,K,49.4, ,2025
247,Jersey Island,San Francisco Bay,Feb 2025,2.04, ,2.84, ,266, ,10.3, ,63.6,K,42.0, ,52.3,K,94, ,56, ,76,K,44.9,K,6.4, ,51.7, ,2025
248,Holt,San Joaquin Valley,Nov 2024,2.07, ,1.5, ,228, ,9.2, ,64.6,K,38.8, ,51.1, ,94, ,47, ,73, ,41.8, ,4.5,K,52.8, ,2024
248,Holt,San Joaquin Valley,Dec 2024,0.88, ,2.36, ,150, ,11.3,K,59.2, ,41.2,K,49.1,K,100, ,76, ,94,K,47.5,K,4.5,K,50.4,K,2024
248,Holt,San Joaquin Valley,Jan 2025,1.78, ,0.17, ,243, ,8.2,K,61.3, ,32.1,K,44.9,K,99, ,51, ,80,K,39.0,K,3.6, ,45.9, ,2025
248,Holt,San Joaquin Valley,Feb 2025,2.04, ,2.46, ,291,K,10.8,K,64.1,K,39.3, ,51.3,K,99, ,54, ,82,K,46.0,K,5.3,K,51.1, ,2025
249,Ripon,San Joaquin Valley,Nov 2024,1.95, ,1.28, ,229, ,9.0, ,65.0,K,38.8, ,51.1, ,93, ,46, ,71, ,41.4, ,3.4,K,54.9, ,2024
249,Ripon,San Joaquin Valley,Dec 2024,0.92,K,1.86,K,160,K,11.2,K,59.6, ,40.5,K,48.9,K,100,K,76,K,94,K,47.2,K,3.5,K,51.7,K,2024
249,Ripon,San Joaquin Valley,Jan 2025,1.74, ,0.12, ,242, ,8.2, ,62.8, ,32.4, ,45.5, ,98, ,47, ,79, ,38.9, ,2.8, ,47.3,K,2025
249,Ripon,San Joaquin Valley,Feb 2025,2.04, ,2.75, ,291,K,10.7, ,65.8,K,39.7, ,51.8, ,99, ,52, ,80, ,45.8, ,4.2,K,50.7, ,2025
250,Williams,Sacramento Valley,Nov 2024,2.13, ,3.85, ,213, ,9.1,K,64.1,K,39.3,K,50.8, ,94, ,48, ,72,K,41.1,K,6.4,K,56.2, ,2024
250,Williams,Sacramento Valley,Dec 2024,1.01,K,3.23,K,153,K,10.7,K,58.7, ,40.9,K,49.1,K,99,K,73,K,89,K,45.7,K,5.5,K,51.7,K,2024
250,Williams,Sacramento Valley,Jan 2025,2.58, ,0.3, ,236, ,7.9,K,62.3,K,37.3, ,48.3,K,92, ,45, ,70,K,37.6,K,6.7,K,49.2, ,2025
250,Williams,Sacramento Valley,Feb 2025,1.91, ,4.07, ,260,K,10.5,K,62.1,K,41.5,K,51.0, ,98, ,59, ,81,K,44.9,K,6.6,K,50.6, ,2025
251,Highland,Los Angeles Basin,Nov 2024,2.8, ,1.28, ,292, ,7.0, ,71.7, ,43.7, ,56.9, ,73, ,24, ,45, ,34.1, ,3.2,K,56.6, ,2024
251,Highland,Los Angeles Basin,Dec 2024,2.2,K,0.97,K,243,K,6.9,K,71.5, ,42.8, ,55.1,K,72,K,28,K,48, ,34.2, ,2.7,K,53.3,K,2024
251,Highland,Los Angeles Basin,Jan 2025,2.81,K,1.87, ,261, ,5.4, ,66.4,K,38.9, ,52.5, ,65, ,26, ,42, ,27.1, ,4.0,K,49.8,K,2025
251,Highland,Los Angeles Basin,Feb 2025,2.87, ,4.35, ,321, ,8.9,K,71.3,K,45.9,K,57.8,K,80, ,37, ,56,K,40.7,K,3.5, ,53.8, ,2025
252,Soledad II,Monterey Bay,Nov 2024,2.64, ,1.26, ,257, ,9.2, ,67.8, ,40.9, ,52.9,K,88, ,42, ,67,K,41.7,K,6.3,K,58.3, ,2024
252,Soledad II,Monterey Bay,Dec 2024,1.82,K,0.85,K,207,K,10.3,K,67.3,K,41.4, ,52.0,K,94,K,52,K,77,K,44.8,K,5.3,K,54.6,K,2024
252,Soledad II,Monterey Bay,Jan 2025,2.3, ,0.18, ,257, ,7.4, ,64.8, ,34.5, ,47.2, ,89, ,38, ,67, ,36.5, ,5.0, ,51.2, ,2025
252,Soledad II,Monterey Bay,Feb 2025,2.75,K,1.31,K,312, ,10.1, ,66.6,K,41.1, ,52.4, ,94, ,48, ,75, ,44.6, ,7.1,K,53.1, ,2025
253,Pescadero,San Francisco Bay,Nov 2024,1.89,K,4.56, ,248,K,9.8, ,64.2, ,39.7, ,51.4, ,94, ,52, ,75, ,43.4, ,2.5,K,52.8, ,2024
253,Pescadero,San Francisco Bay,Dec 2024,1.45, ,5.19, ,199,K,10.8,K,64.8, ,41.1,K,50.9,K,96, ,60, ,83,K,45.8,K,2.8, ,51.1,K,2024
253,Pescadero,San Francisco Bay,Jan 2025,1.94,K,0.28, ,252,K,8.0,K,62.6, ,34.8,K,47.2,K,93, ,48, ,72,K,38.2,K,3.0,K,47.2,K,2025
253,Pescadero,San Francisco Bay,Feb 2025,1.94,K,6.76, ,285,K,10.5, ,60.9,L,39.9,K,50.1,K,96,K,65,K,84,K,45.5,K,3.7,K,51.3, ,2025
254,Oakland Metro,San Francisco Bay,Nov 2024,2.22, ,2.97, ,233, ,10.1, ,65.3, ,43.1,K,54.1, ,88, ,49, ,71, ,44.3, ,5.2,K,55.2, ,2024
254,Oakland Metro,San Francisco Bay,Dec 2024,1.42, ,4.31,K,178, ,11.2,K,63.5,K,42.9,K,52.2,K,95, ,65, ,83,K,47.0,K,4.3,K,52.2,K,2024
254,Oakland Metro,San Francisco Bay,Jan 2025,2.07,K,0.37,K,234, ,8.3,K,63.0,K,36.9, ,49.2,K,90,K,49,K,70,K,39.3,K,3.9,K,48.5, ,2025
254,Oakland Metro,San Francisco Bay,Feb 2025,1.96, ,4.52,K,262,K,10.9,K,62.8,K,41.4,K,51.8,K,96,K,59,K,82,K,46.4,K,5.1,K,51.0,K,2025
256,Lancaster,Los Angeles Basin,Nov 2024,2.89, ,0.0, ,295, ,5.1,K,64.1, ,29.0,K,46.1, ,73, ,26, ,46,K,25.8,K,6.6,K,50.5, ,2024
256,Lancaster,Los Angeles Basin,Dec 2024,2.31,K,0.0,K,253,K,5.0,K,65.8,K,28.6, ,45.3,K,68,K,27,K,47,K,25.4,K,5.5,K,46.8,K,2024
256,Lancaster,Los Angeles Basin,Jan 2025,2.65, ,0.46, ,298, ,3.8,K,59.7, ,23.0,K,40.3, ,71, ,24, ,44,K,18.9,K,6.0,K,43.5, ,2025
256,Lancaster,Los Angeles Basin,Feb 2025,3.37, ,0.74, ,372,K,6.8,K,65.8, ,34.7,K,49.9, ,84, ,32, ,55,K,33.9,K,7.5,K,49.7,K,2025
257,Ridgecrest,Bishop,Nov 2024,,N,0.0, ,309, ,4.0,K,67.3, ,33.2,K,50.5, ,54, ,17, ,31,K,20.0,K,2.3, ,63.5,K,2024
257,Ridgecrest,Bishop,Dec 2024,,N,0.0,K,242,K,3.9,K,66.3, ,30.1,K,46.9,K,55,K,20,K,35,K,19.9,K,1.9,K,55.6,K,2024
257,Ridgecrest,Bishop,Jan 2025,,N,0.13, ,293, ,3.0,K,62.0, ,26.3,K,44.2, ,52, ,16, ,30,K,13.3,K,2.3,K,52.3,K,2025
257,Ridgecrest,Bishop,Feb 2025,,N,0.08,K,367,K,5.1, ,69.9,K,37.0,L,54.2,L,61,K,18,K,35,L,25.3,L,3.1, ,56.1,K,2025
258,Lemon Cove,San Joaquin Valley,Nov 2024,1.75, ,1.86, ,209, ,9.0,K,65.0, ,42.4,K,52.8, ,85, ,47, ,67,K,41.1,K,2.8,K,56.1, ,2024
258,Lemon Cove,San Joaquin Valley,Dec 2024,1.0,K,0.79,K,151,K,10.3,K,61.4, ,42.0, ,50.4,K,94,K,63,K,82, ,45.1, ,2.6,K,53.3,K,2024
258,Lemon Cove,San Joaquin Valley,Jan 2025,1.87, ,0.22, ,244,K,7.9, ,62.5,K,37.7, ,48.1, ,85, ,46, ,69, ,38.0, ,3.2,K,50.5, ,2025
258,Lemon Cove,San Joaquin Valley,Feb 2025,2.03, ,2.2, ,275, ,10.5, ,66.3, ,42.7, ,54.0, ,91, ,52, ,74, ,45.8, ,3.0,K,55.6, ,2025
259,Ferndale Plain,North Coast Valleys,Nov 2024,1.25,K,9.2,K,184, ,10.6,K,58.7,K,40.2,K,48.7, ,100, ,69, ,90,K,45.9,K,5.8,K,52.6, ,2024
259,Ferndale Plain,North Coast Valleys,Dec 2024,0.92, ,7.87, ,124, ,11.1,K,58.8,K,41.8, ,49.4, ,100, ,72, ,91,L,46.6,L,6.3,K,50.3, ,2024
259,Ferndale Plain,North Coast Valleys,Jan 2025,1.24, ,3.27,K,188, ,9.6,K,56.0,K,37.2,K,45.6,K,100, ,72, ,91,K,43.0,K,5.2, ,48.4,K,2025
259,Ferndale Plain,North Coast Valleys,Feb 2025,1.34,K,7.54,K,216, ,10.0,K,54.0,K,38.3,K,46.0,K,100,K,76,K,92,L,43.4,L,5.7, ,48.9,L,2025
260,Montague,Northeast Plateau,Nov 2024,1.06, ,1.81, ,156, ,6.5, ,47.8,K,29.0, ,38.3, ,97, ,63, ,82, ,33.2, ,5.0,K,46.6, ,2024
260,Montague,Northeast Plateau,Dec 2024,0.73,K,0.13,K,125,K,6.6,K,46.4,K,26.9,K,36.3,K,99,K,70,K,90,K,33.4,K,4.5,K,40.9,K,2024
260,Montague,Northeast Plateau,Jan 2025,1.2, ,0.13, ,208,K,5.2,K,47.9, ,22.0,K,33.7, ,94, ,54, ,77,K,27.0,K,3.9,K,37.0,K,2025
260,Montague,Northeast Plateau,Feb 2025,1.2,K,4.79,K,217,K,5.9,K,42.9,K,24.1,K,35.9,L,98,K,72,K,87,L,33.6,L,4.0,K,36.3,K,2025
261,Gazelle,Northeast Plateau,Nov 2024,1.05,K,1.41, ,164, ,6.3, ,47.8,K,26.6, ,37.3, ,96, ,63, ,82, ,32.2, ,3.5,K,45.9, ,2024
261,Gazelle,Northeast Plateau,Dec 2024,0.61,K,0.23,K,128,K,6.4,K,47.4,K,26.2,K,36.2,K,97,K,67,K,86,K,32.4,K,1.2,K,40.4,K,2024
261,Gazelle,Northeast Plateau,Jan 2025,1.0,K,0.22, ,218,K,5.1,K,47.7, ,20.9,K,32.5, ,93, ,54, ,79,K,26.4,K,1.1,K,37.0,K,2025
261,Gazelle,Northeast Plateau,Feb 2025,1.14,K,4.33,K,225,K,5.7,K,43.5,K,23.9,L,36.0,L,95,K,69,K,83,L,32.4,L,1.1,K,37.7,K,2025
262,Linden,San Joaquin Valley,Nov 2024,1.91, ,1.85, ,225, ,8.6, ,63.7, ,34.8, ,48.6,K,97, ,45, ,75,K,40.4,K,3.3,K,54.2, ,2024
262,Linden,San Joaquin Valley,Dec 2024,0.94,K,3.26,K,150,K,10.2,K,58.9,K,38.5, ,47.8,K,99,K,69,K,90, ,44.9, ,3.6,K,51.4,K,2024
262,Linden,San Joaquin Valley,Jan 2025,1.74, ,0.52, ,242, ,7.6, ,59.4, ,28.8,K,42.9, ,99, ,52, ,81, ,37.2, ,2.8, ,46.3, ,2025
262,Linden,San Joaquin Valley,Feb 2025,1.9, ,3.84,K,274, ,10.0, ,62.5, ,37.1,K,49.4,K,99, ,56, ,82,K,44.1,K,4.3,K,49.6, ,2025
263,Smith River,North Coast Valleys,Nov 2024,0.89,K,15.61, ,147, ,10.5, ,56.9, ,37.9,K,47.2,K,100, ,74, ,93,K,45.4,K,4.4,K,52.1, ,2024
263,Smith River,North Coast Valleys,Dec 2024,0.65,K,9.02,K,108, ,10.8,K,57.8,K,38.4,K,47.6, ,100, ,74, ,94,K,46.0,K,4.3, ,48.8, ,2024
263,Smith River,North Coast Valleys,Jan 2025,1.24,K,1.69,K,187,K,8.7,K,57.0,K,33.4,K,44.1,K,98, ,64, ,87,K,39.8,K,4.0, ,46.4,K,2025
263,Smith River,North Coast Valleys,Feb 2025,1.08,K,9.62, ,183, ,9.4,K,53.2,K,35.6,K,44.7,K,100,K,75,K,91,L,42.5,L,4.5,K,46.9,L,2025
264,Sierra Valley Center,Eastern Sierra Basin & Range,Nov 2024,1.74, ,2.4,K,224, ,4.9,K,49.8, ,22.1,K,35.2, ,96, ,41, ,70,K,25.8,K,6.1,K,41.8, ,2024
264,Sierra Valley Center,Eastern Sierra Basin & Range,Dec 2024,1.15,K,2.12,K,181,K,5.4,K,47.3, ,22.7, ,33.8,K,99,K,55,K,81,K,28.4,K,5.0,K,36.2,K,2024
264,Sierra Valley Center,Eastern Sierra Basin & Range,Jan 2025,1.72, ,0.33, ,233, ,4.0, ,46.9, ,17.9, ,31.3, ,93, ,38, ,65, ,20.4, ,6.0,K,34.6, ,2025
264,Sierra Valley Center,Eastern Sierra Basin & Range,Feb 2025,1.82,K,2.03,L,234,L,5.6,L,44.1,L,28.0,L,35.6,L,95,L,54,L,76,L,28.5,L,9.2,L,36.1,L,2025
265,Paso Robles,Central Coast Valleys,Nov 2024,2.26, ,1.29, ,282, ,8.0, ,64.9, ,32.2,K,47.7,K,93, ,43, ,70,K,37.9,K,3.6,K,53.2, ,2024
265,Paso Robles,Central Coast Valleys,Dec 2024,1.75,K,0.48,K,236,K,9.1,K,65.2,K,35.1, ,48.0,K,97,K,50,K,79,K,41.6,K,3.1,K,50.8,K,2024
265,Paso Robles,Central Coast Valleys,Jan 2025,2.1, ,0.06, ,281, ,6.4, ,64.0, ,27.1, ,43.0, ,94, ,35, ,68, ,32.6, ,3.0,K,46.7, ,2025
265,Paso Robles,Central Coast Valleys,Feb 2025,2.5, ,2.7, ,325,K,9.3,K,65.7,K,36.8,K,50.0, ,96, ,46, ,75,K,42.2,K,4.5,K,51.7, ,2025
266,Shandon,Central Coast Valleys,Nov 2024,2.49, ,1.16, ,282,K,7.8, ,64.7, ,33.8, ,48.1,K,90, ,42, ,67,K,37.2,K,4.8,K,53.1, ,2024
266,Shandon,Central Coast Valleys,Dec 2024,1.91,K,0.27,K,236,K,9.0,K,64.4,K,36.1, ,48.1,K,97,K,50,K,78, ,41.3, ,4.4,K,50.8,K,2024
266,Shandon,Central Coast Valleys,Jan 2025,2.38, ,0.13, ,277, ,6.4,K,62.2, ,29.0, ,43.6,K,91, ,37, ,66,K,32.6,K,4.8,K,46.9, ,2025
266,Shandon,Central Coast Valleys,Feb 2025,2.81, ,1.25, ,327, ,9.0, ,65.1,K,36.3,K,49.8, ,96, ,45, ,73, ,41.3, ,5.9,K,50.9, ,2025
267,Johnstonville,Northeast Plateau,Nov 2024,1.24, ,5.68, ,170, ,5.2,K,48.0,K,23.3,K,35.3, ,92, ,49, ,74,K,27.4,K,4.2,K,41.6, ,2024
267,Johnstonville,Northeast Plateau,Dec 2024,0.72,K,2.09,K,130,K,5.7,K,42.9,K,25.2,K,33.4,K,96,K,72,K,87,K,29.7,K,3.6,K,38.6,K,2024
267,Johnstonville,Northeast Plateau,Jan 2025,1.29, ,0.37, ,209, ,4.4, ,46.0, ,20.0, ,31.4, ,90, ,48, ,72, ,23.3, ,3.2, ,36.7, ,2025
267,Johnstonville,Northeast Plateau,Feb 2025,1.79, ,4.84, ,247, ,5.4,K,47.8, ,24.7,K,36.0, ,92, ,53, ,74,K,28.1,K,5.0,K,38.7, ,2025
268,Nubieber,Northeast Plateau,Nov 2024,1.06,K,6.38,K,177, ,5.6, ,45.8, ,25.6, ,34.6, ,95, ,59, ,81, ,29.2, ,4.5,K,41.2, ,2024
268,Nubieber,Northeast Plateau,Dec 2024,0.73,K,3.5,L,148,L,5.8,L,45.2,L,25.3,L,33.7,L,97,L,65,L,88,L,30.4,L,3.6,L,36.2,L,2024
268,Nubieber,Northeast Plateau,Jan 2025,1.3,K,1.01,L,218,L,4.5,L,46.4,L,20.8,L,31.6,L,92,L,47,L,73,L,23.7,L,4.0,L,35.3,L,2025
268,Nubieber,Northeast Plateau,Feb 2025,1.36,K,6.78,K,244,K,5.6,K,43.4,K,25.8, ,34.0,K,97, ,64, ,83,K,29.1,K,5.1, ,36.8,L,2025
273,WildHawk,Sacramento Valley,Nov 2024,1.71,K,4.43,K,214,K,8.7,K,62.6, ,40.9, ,50.8,K,93,K,44,K,69, ,40.6, ,3.0,K,54.5,K,2024
273,WildHawk,Sacramento Valley,Dec 2024,0.92,K,3.93,K,162,K,10.4,K,58.2, ,41.7,K,49.1,K,97,K,68,K,86,K,45.1,K,3.2,K,51.6,K,2024
273,WildHawk,Sacramento Valley,Jan 2025,1.72, ,0.91,K,250,K,7.8, ,59.5, ,35.0,K,46.0, ,95, ,49, ,74, ,37.8, ,2.8, ,48.3, ,2025
273,WildHawk,Sacramento Valley,Feb 2025,1.84, ,4.82, ,278,K,9.9, ,61.4, ,40.9,K,50.6,K,96, ,55, ,78,K,43.8,K,3.7,K,51.6, ,2025
